"y","x1","x2","x3","x4","x5","x6","x7","x8","x9","x10"
"3","38","354","7","2","2","649","9","8","8","28"
"2","80","781","18","3","0","3866","14","21","12","91"
"4","91","563","18","3","1","5254","14","34","17","119"
"0","8","10","0","1","3","166","3","10","3","8"
"0","8","58","0","2","1","270","4","18","3","2"
"3","34","394","6","1","0","637","7","10","8","27"
"1","6","76","1","2","1","229","3","5","4","20"
"4","80","547","13","4","1","5128","16","25","16","120"
"3","23","348","9","3","2","761","7","10","3","40"
"0","5","76","0","2","0","208","4","3","4","3"
"4","101","726","19","3","0","5145","12","23","17","120"
"2","70","667","16","3","0","4120","12","34","13","105"
"3","24","175","9","2","2","787","9","10","4","32"
"2","85","567","16","3","0","4484","12","21","13","89"
"0","10","48","0","0","1","253","4","9","2","2"
"3","21","340","7","3","3","608","4","7","7","39"
"2","90","816","14","3","1","4899","15","26","18","89"
"0","7","69","0","0","0","197","4","4","4","7"
"1","6","148","3","2","4","369","4","6","4","19"
"1","23","117","2","2","1","370","3","4","3","10"
"1","11","116","4","2","1","214","4","3","4","19"
"0","10","38","0","1","0","142","3","10","4","2"
"1","17","103","5","1","2","138","3","6","3","7"
"3","24","296","7","3","1","644","5","8","5","34"
"4","98","677","14","3","0","4551","17","32","17","86"
"2","106","642","14","4","0","5521","14","34","12","103"
"4","109","832","19","3","0","5592","15","24","12","86"
"2","114","538","20","4","0","5786","12","20","15","85"
"0","4","92","0","0","0","87","2","13","2","7"
"2","103","492","19","4","1","3710","14","24","15","72"
"4","79","833","19","3","1","4297","15","21","12","119"
"0","9","38","0","0","3","280","2","16","4","3"
"2","80","644","14","4","1","3794","12","29","13","90"
"1","7","77","2","2","2","213","3","4","3","20"
"0","2","37","0","1","0","228","2","13","4","3"
"4","90","703","17","3","1","5950","17","25","13","115"
"3","33","214","6","3","3","764","9","9","5","40"
"4","104","744","17","3","1","4970","12","23","13","96"
"2","99","635","14","4","1","5855","16","18","15","74"
"2","83","587","16","4","0","3878","18","30","17","109"
"2","108","685","13","4","0","5471","18","25","16","76"
"2","94","511","15","4","1","5268","16","24","14","75"
"2","83","613","18","4","0","5050","15","22","18","102"
"4","93","625","18","3","0","4086","16","22","13","83"
"4","83","739","14","4","1","5214","12","34","15","106"
"1","11","108","1","2","2","400","4","4","4","7"
"1","19","124","1","1","3","353","3","4","3","16"
"1","6","110","5","1","3","77","3","2","4","19"
"4","114","502","17","4","0","5883","15","26","13","85"
"4","87","689","16","4","0","5227","15","34","16","71"
"4","110","827","16","4","1","4615","14","26","15","94"
"0","2","63","0","1","2","153","3","10","4","4"
"2","114","529","20","3","1","5389","17","34","12","85"
"0","2","84","0","0","3","258","3","9","2","7"
"0","5","87","0","0","1","184","3","14","2","7"
"0","6","81","0","1","1","179","2","22","2","6"
"3","39","226","4","3","2","610","8","9","9","20"
"2","96","609","12","4","1","5763","17","18","14","83"
"2","103","758","20","3","1","5951","14","34","17","93"
"0","4","89","0","0","3","245","4","14","3","1"
"1","21","83","3","2","1","452","3","2","3","25"
"3","36","194","7","1","1","709","6","6","6","24"
"2","85","566","19","4","0","5513","17","25","15","120"
"3","31","203","10","3","3","774","4","9","8","34"
"0","4","17","0","0","1","94","4","15","3","10"
"2","87","744","19","3","0","5140","18","25","12","79"
"4","76","737","16","4","0","5326","12","22","12","94"
"1","25","139","0","2","3","477","3","4","4","23"
"4","100","500","16","4","0","5332","13","26","17","70"
"2","88","814","12","4","1","4425","14","27","13","117"
"3","23","387","4","2","1","737","5","9","8","32"
"1","16","65","5","2","4","193","4","5","4","11"
"1","13","102","5","2","1","197","4","5","4","18"
"1","13","40","1","1","0","498","3","6","4","25"
"0","5","43","0","2","0","255","4","6","4","5"
"4","71","576","13","3","0","5348","16","29","12","99"
"3","21","317","6","2","2","638","5","9","7","25"
"2","75","738","15","4","1","3669","12","30","16","115"
"4","88","679","16","4","0","5648","12","32","15","94"
"3","31","262","10","1","3","674","5","8","8","35"
"2","117","731","14","4","1","4571","16","22","14","77"
"2","104","749","15","3","1","5715","16","21","16","83"
"0","9","96","0","2","2","155","3","3","4","3"
"1","9","125","3","2","4","352","3","3","3","17"
"3","37","307","5","3","2","622","4","8","8","24"
"4","77","700","14","3","0","3972","14","19","16","83"
"4","71","821","15","3","0","4573","12","31","13","98"
"1","15","90","5","1","2","478","3","4","4","13"
"0","7","39","0","1","2","218","2","11","3","9"
"1","24","90","4","1","4","135","3","5","3","16"
"1","6","42","4","2","1","378","3","6","3","18"
"1","16","112","3","1","1","81","3","2","3","8"
"1","21","121","2","1","3","432","4","3","4","24"
"3","27","362","4","1","1","621","3","6","4","34"
"2","102","803","13","3","0","5120","16","18","18","82"
"4","93","660","19","4","0","5990","12","31","13","98"
"2","120","806","19","3","1","5328","12","19","14","106"
"3","32","265","4","3","3","764","8","7","3","21"
"3","38","169","6","1","1","613","3","8","9","29"
"3","29","177","6","2","2","746","4","9","4","29"
"4","79","755","17","4","0","5953","18","33","12","91"
"3","29","245","10","2","0","728","5","9","6","24"
"4","99","811","13","4","0","5468","14","34","15","109"
"1","22","149","3","1","4","176","4","6","4","13"
"3","38","386","3","1","1","613","9","8","7","24"
"4","113","834","18","3","1","3783","15","19","16","111"
"1","23","98","1","1","1","174","4","4","4","15"
"1","12","58","3","1","0","452","4","5","3","6"
"1","11","140","2","1","3","299","4","2","3","20"
"1","19","80","5","2","2","77","3","5","4","21"
"2","100","765","20","4","0","4942","15","20","12","74"
"3","28","206","5","3","0","622","6","7","4","33"
"4","82","553","12","3","0","5344","18","23","14","94"
"0","5","84","0","1","1","105","4","8","3","1"
"2","90","510","13","3","1","5552","13","30","13","80"
"1","22","95","1","2","1","152","3","3","3","13"
"4","95","572","15","4","0","5163","17","32","12","95"
"2","110","676","15","4","1","5762","13","20","12","87"
"0","3","14","0","0","2","188","3","16","2","6"
"3","21","232","6","3","2","769","6","9","7","30"
"0","2","80","0","0","1","258","4","5","2","8"
"0","9","11","0","1","4","89","3","17","3","1"
"2","80","821","14","4","0","5576","14","22","18","99"
"2","72","664","20","3","0","5904","13","31","16","79"
"0","4","89","0","0","1","299","2","21","2","2"
"3","32","352","8","2","1","628","7","6","5","37"
"2","72","567","20","4","0","3729","13","31","13","89"
"3","23","344","8","2","3","645","7","6","5","34"
"3","24","207","5","2","3","692","3","9","6","25"
"2","77","833","20","4","0","3998","12","27","16","115"
"0","7","62","0","1","3","211","4","20","2","1"
"2","119","826","20","4","0","3549","16","25","12","72"
"2","103","716","15","3","1","4523","16","33","14","120"
"4","87","558","16","3","0","5554","12","20","14","100"
"4","76","706","14","3","1","4533","18","30","16","77"
"4","88","535","16","3","1","4000","13","25","16","84"
"3","32","275","9","2","2","728","6","6","9","36"
"1","21","48","0","2","0","298","3","2","3","9"
"4","89","661","15","4","0","3561","14","28","15","111"
"4","120","787","14","3","1","5397","13","34","16","103"
"0","9","7","0","1","4","155","3","8","3","4"
"0","7","38","0","1","0","153","3","11","4","5"
"4","109","788","17","3","1","5325","16","25","14","120"
"3","37","255","10","1","3","784","6","7","5","40"
"1","22","61","2","1","4","329","3","3","3","19"
"3","31","179","7","1","3","798","6","9","8","36"
"1","7","122","4","2","2","416","3","3","3","22"
"4","102","543","19","3","0","4987","17","27","14","118"
"3","20","371","9","3","3","730","3","8","9","26"
"0","1","72","0","0","0","174","3","4","3","4"
"2","117","515","13","3","0","3772","13","21","13","85"
"1","10","118","0","2","0","167","4","3","4","6"
"0","10","25","0","1","4","162","2","17","3","7"
"0","7","34","0","1","1","271","2","23","4","7"
"1","18","114","0","2","3","86","4","3","4","19"
"1","5","142","2","1","3","489","3","5","3","11"
"1","20","59","3","1","0","377","3","3","4","15"
"2","110","547","13","3","0","5512","18","20","15","70"
"4","95","521","19","4","0","3581","13","30","14","74"
"3","33","192","3","1","3","640","6","9","9","31"
"4","119","627","12","4","0","5236","12","30","12","88"
"3","30","292","10","2","3","781","5","7","9","32"
"4","96","569","14","3","1","3700","16","28","12","116"
"2","84","691","18","3","0","4565","13","33","18","73"
"0","9","61","0","1","0","211","4","16","2","10"
"0","5","86","0","0","0","260","2","20","4","3"
"4","116","839","19","4","1","5103","17","32","18","95"
"1","6","121","2","1","1","146","3","3","4","8"
"1","19","69","3","2","3","54","3","2","3","10"
"1","14","122","3","1","1","348","3","2","3","20"
"3","27","297","7","3","2","655","3","7","7","36"
"4","78","697","15","3","1","5538","13","30","18","119"
"2","106","625","19","4","0","4118","18","25","13","110"
"3","39","353","10","1","2","698","5","7","5","39"
"2","88","654","12","4","0","5217","13","19","17","84"
"0","5","86","0","1","3","290","2","7","2","2"
"2","73","787","18","4","0","5757","13","21","18","116"
"0","4","38","0","2","0","160","4","19","4","4"
"2","107","647","14","3","0","3857","16","28","15","94"
"4","92","539","17","3","0","4971","13","20","15","79"
"3","27","227","3","2","0","795","6","10","7","37"
"2","115","823","18","3","0","5174","18","28","17","79"
"0","2","81","0","0","3","266","3","9","2","1"
"4","109","819","15","4","0","5049","17","24","14","82"
"2","119","645","14","3","0","4830","18","32","12","93"
"2","116","676","19","4","0","5211","13","20","17","83"
"4","86","510","20","3","0","4332","12","22","15","73"
"1","5","126","5","2","2","255","3","6","3","15"
"0","2","46","0","1","3","147","4","19","2","6"
"2","99","505","13","3","0","5236","15","31","17","116"
"1","14","75","1","1","0","325","3","4","4","13"
"3","37","246","4","2","2","650","3","6","4","25"
"1","7","127","5","2","2","459","4","4","4","22"
"3","29","395","4","1","1","701","9","7","9","39"
"1","8","102","3","1","0","498","3","3","3","22"
"2","104","794","19","4","1","4574","17","31","17","116"
"0","8","12","0","0","4","95","2","22","2","3"
"4","111","577","16","4","1","3637","18","28","16","101"
"4","70","809","13","4","0","4653","18","28","18","101"
"1","13","66","2","1","0","456","3","6","3","19"
"1","10","44","2","2","4","63","3","4","4","12"
"3","23","194","3","3","3","627","3","6","7","32"
"2","106","522","16","4","0","4744","18","24","15","78"
"0","8","59","0","1","4","206","3","4","2","4"
"3","33","368","7","2","2","745","5","7","4","26"
"1","16","129","5","2","3","210","4","4","4","16"
"4","78","553","12","4","1","5496","13","34","13","120"
"3","28","338","4","1","1","696","9","10","5","34"
"2","75","680","20","3","1","4227","12","23","18","74"
"0","2","25","0","0","1","189","4","21","4","6"
"0","3","61","0","2","3","289","2","24","2","8"
"2","97","769","12","3","1","4744","13","29","13","115"
"2","73","834","15","3","1","4568","17","29","13","116"
"1","7","101","3","2","2","65","4","3","4","9"
"3","39","221","6","3","0","671","9","6","5","39"
"4","96","677","20","4","1","5558","18","23","18","101"
"1","5","48","2","1","4","56","4","6","4","13"
"2","92","788","17","3","0","4965","17","26","13","83"
"4","72","732","12","3","0","4994","17","30","15","109"
"3","36","290","10","3","0","639","4","10","4","21"
"3","33","357","10","3","0","784","9","7","6","24"
"3","39","169","8","3","0","794","5","6","8","20"
"3","27","225","7","2","0","622","9","10","3","27"
"1","7","108","4","2","2","70","4","2","3","24"
"2","88","830","16","3","1","4386","17","34","17","88"
"3","26","366","4","1","0","600","8","10","8","25"
"3","40","298","7","2","0","682","6","9","6","21"
"0","6","27","0","0","3","87","4","4","2","6"
"4","80","822","18","4","0","3948","17","32","13","73"
"1","18","73","3","2","3","427","4","4","4","10"
"0","3","19","0","2","2","140","3","24","2","10"
"0","10","6","0","1","1","300","4","10","2","5"
"1","19","65","3","2","2","366","3","2","4","15"
"3","24","162","10","1","0","652","8","9","9","21"
"0","8","80","0","2","4","234","2","11","2","4"
"3","22","294","4","1","1","784","9","8","4","34"
"1","9","119","4","1","2","246","3","6","3","16"
"1","25","80","3","1","4","168","4","4","4","11"
"0","8","82","0","1","4","110","3","15","4","10"
"2","112","803","14","4","1","5972","17","28","15","93"
"3","37","392","3","2","3","702","6","9","6","20"
"2","104","563","12","3","1","5896","14","33","17","91"
"3","21","389","7","3","1","604","8","8","5","40"
"4","73","557","15","4","0","5097","13","21","16","111"
"2","82","637","18","4","0","4036","13","32","14","84"
"0","3","19","0","0","4","300","3","10","3","7"
"3","22","211","3","2","1","747","6","6","6","20"
"1","6","101","0","2","4","257","3","5","3","10"
"4","106","620","15","4","0","4649","17","27","13","102"
"2","88","612","19","4","1","4543","13","23","13","87"
"4","87","756","17","3","1","4198","18","22","16","115"
"0","6","54","0","1","4","279","4","20","4","4"
"0","3","58","0","0","1","227","2","13","2","10"
"3","20","321","4","2","0","612","6","6","3","40"
"2","71","837","15","4","0","4390","15","20","16","94"
"1","7","112","3","1","3","455","3","5","4","13"
"4","90","514","13","3","0","5025","18","26","15","71"
"1","22","145","2","2","1","253","4","2","3","16"
"4","70","686","17","3","1","4247","12","18","17","96"
"0","8","11","0","2","4","134","3","3","2","4"
"2","86","827","17","4","0","4293","18","18","13","107"
"3","36","270","3","2","1","645","4","7","3","31"
"3","24","311","10","1","3","798","9","9","5","22"
"3","36","231","3","3","0","689","7","9","7","38"
"4","114","582","17","3","0","5390","13","18","15","96"
"3","37","339","4","3","0","688","7","10","4","37"
"4","89","839","16","4","1","5620","15","26","17","112"
"0","3","68","0","1","1","274","3","18","3","2"
"0","8","77","0","0","0","250","4","11","2","3"
"3","28","167","10","2","0","747","6","6","3","28"
"3","25","302","5","1","3","661","4","9","8","24"
"4","81","599","20","4","0","5834","14","26","15","85"
"1","12","41","4","1","4","380","4","5","4","15"
"0","5","70","0","0","1","58","2","17","4","2"
"4","72","661","14","4","0","4739","12","30","12","85"
"4","79","598","17","3","1","5774","13","30","18","81"
"3","33","194","3","3","0","703","6","10","4","24"
"1","10","46","0","1","2","149","3","2","4","24"
"3","33","186","9","3","0","723","9","8","7","32"
"3","39","169","9","2","1","700","9","8","4","24"
"3","33","279","3","2","0","643","3","10","6","35"
"4","120","706","18","3","0","5427","17","28","18","88"
"0","2","15","0","0","2","55","3","17","4","1"
"1","24","138","0","1","3","327","3","6","3","24"
"4","91","581","13","4","0","4141","14","18","13","106"
"1","6","37","5","1","0","319","4","4","4","20"
"4","83","568","14","3","1","4138","15","22","17","95"
"4","114","796","15","4","0","5900","14","26","16","109"
"3","28","298","4","1","2","762","8","8","9","20"
"2","118","551","13","3","0","5417","15","21","18","109"
"1","8","39","5","1","0","486","3","6","4","24"
"2","86","680","12","4","1","4857","14","32","18","105"
"4","108","775","14","3","0","3548","14","31","17","116"
"2","83","592","18","4","1","3980","13","18","13","103"
"2","104","492","14","3","0","4582","12","30","15","119"
"3","23","194","5","2","3","764","9","6","8","34"
"1","8","68","5","2","4","497","4","5","3","14"
"4","75","780","16","3","0","5133","18","33","16","74"
"3","34","293","4","3","0","690","5","10","4","32"
"2","116","490","17","4","0","5683","15","24","12","89"
"2","96","651","20","3","1","4942","18","24","13","113"
"4","80","566","20","3","0","5714","12","29","12","115"
"1","25","46","4","1","4","394","3","6","3","17"
"4","102","627","16","3","1","4653","18","30","15","100"
"4","102","649","12","4","0","3646","18","28","16","107"
"1","11","40","2","1","0","394","3","2","3","17"
"1","25","139","1","1","0","116","4","5","4","6"
"1","15","59","1","2","3","315","4","6","4","13"
"1","14","115","5","1","3","213","4","4","4","17"
"0","2","24","0","0","4","279","2","9","4","3"
"3","37","250","8","1","3","690","9","6","4","40"
"0","2","41","0","2","3","163","2","5","4","6"
"0","9","21","0","2","0","133","3","12","4","4"
"1","24","149","2","1","3","178","3","6","4","14"
"2","86","833","13","4","0","4172","16","28","13","94"
"0","9","50","0","1","3","294","4","19","4","1"
"2","86","663","17","3","1","5204","15","20","13","72"
"3","23","245","8","1","2","619","9","9","5","31"
"4","108","777","13","4","1","5618","17","28","16","93"
"1","17","101","4","2","0","435","3","5","3","6"
"4","78","661","20","3","1","5265","16","34","17","80"
"3","29","244","10","2","3","779","6","6","3","21"
"3","24","194","3","3","2","762","4","6","3","36"
"4","74","502","19","4","0","4696","12","26","18","120"
"0","10","95","0","0","4","174","4","10","2","10"
"3","21","279","8","3","0","625","7","9","6","30"
"4","97","593","13","3","0","3568","16","29","13","76"
"4","113","573","17","4","0","4264","17","21","13","96"
"1","24","104","0","2","4","491","4","4","4","13"
"4","84","788","14","3","1","5090","14","24","15","87"
"0","5","61","0","0","0","112","4","6","4","9"
"3","21","294","6","2","0","687","9","9","3","38"
"0","5","69","0","2","4","228","3","18","3","1"
"0","2","10","0","1","4","58","2","10","2","1"
"4","77","801","12","3","0","4132","13","24","12","118"
"1","24","62","0","1","4","94","4","6","3","14"
"3","20","221","7","3","3","735","8","7","6","38"
"3","22","262","9","2","1","700","8","7","7","28"
"4","110","724","14","4","0","4780","13","26","15","71"
"2","101","616","16","4","1","4235","17","26","17","116"
"0","1","42","0","2","0","264","3","16","2","8"
"2","80","800","13","4","1","4225","15","19","16","89"
"2","78","823","18","4","1","5203","13","33","17","101"
"2","72","548","15","4","1","4876","17","23","14","74"
"0","3","61","0","1","2","258","3","6","2","1"
"2","91","746","17","3","0","5783","12","19","17","97"
"1","18","63","5","2","3","192","4","3","4","23"
"3","26","347","5","1","0","607","8","6","5","22"
"4","78","609","13","4","1","3997","15","27","15","99"
"4","71","830","12","3","1","3691","18","23","17","117"
"0","10","51","0","0","2","81","4","4","3","10"
"3","33","161","3","3","3","714","4","6","9","25"
"4","97","563","17","4","1","5491","14","33","17","106"
"2","104","560","14","4","0","4191","14","24","15","107"
"4","103","578","15","4","0","4538","16","32","13","100"
"3","31","378","5","3","1","643","6","7","3","40"
"2","97","555","20","3","1","4903","13","23","14","72"
"0","2","23","0","0","2","275","3","3","3","4"
"3","38","346","10","1","0","670","3","8","7","34"
"1","14","61","2","2","4","500","3","6","3","25"
"1","20","47","5","2","4","140","3","4","4","11"
"3","21","311","7","3","3","606","4","8","4","22"
"4","106","548","12","3","0","4166","15","20","12","91"
"1","5","55","3","1","0","358","4","4","4","25"
"2","91","747","13","3","0","4308","13","27","17","117"
"3","24","186","8","1","3","796","7","6","7","26"
"3","26","301","10","2","3","780","8","10","3","35"
"1","5","44","2","1","2","327","3","3","4","10"
"3","33","255","6","1","2","732","5","7","9","34"
"2","101","688","14","4","1","3765","16","32","14","87"
"3","23","300","6","3","1","636","4","6","5","27"
"0","9","57","0","1","0","264","3","11","4","3"
"3","28","395","3","2","3","686","9","8","4","24"
"3","31","172","10","3","1","647","5","7","6","20"
"4","80","625","20","3","1","5195","12","33","16","108"
"0","1","20","0","1","2","237","3","15","2","3"
"4","109","655","18","4","1","5343","15","21","17","116"
"0","8","48","0","0","1","288","3","25","4","1"
"3","32","265","4","1","0","800","5","8","6","31"
"4","80","826","15","4","0","4733","16","34","17","118"
"3","23","350","9","3","2","737","5","7","3","23"
"1","16","138","1","2","3","391","3","6","3","18"
"2","98","548","19","3","0","4166","14","18","18","113"
"4","89","728","15","4","1","3748","14","28","17","114"
"3","39","212","3","2","3","737","8","7","4","23"
"3","22","173","8","3","2","652","7","6","4","24"
"2","81","753","16","4","0","4577","17","26","18","101"
"1","9","82","2","1","4","199","3","5","4","21"
"3","40","178","7","3","1","765","5","6","4","27"
"0","5","55","0","1","1","56","3","6","4","1"
"3","36","369","4","2","2","655","7","9","3","25"
"2","74","576","17","4","0","4157","13","34","13","82"
"1","22","97","0","2","1","489","4","2","4","14"
"0","1","17","0","2","3","139","3","7","2","9"
"1","25","150","4","2","3","431","3","2","4","14"
"2","102","664","14","3","0","4550","15","30","15","102"
"1","25","126","2","1","1","282","3","5","4","15"
"3","20","263","4","3","2","680","5","7","9","29"
"4","109","686","20","3","0","4958","12","20","15","75"
"0","7","54","0","0","0","220","4","13","2","3"
"4","103","745","13","4","0","5217","14","32","18","87"
"1","14","46","1","1","1","233","4","4","4","24"
"0","5","13","0","0","2","285","3","23","3","3"
"0","1","17","0","2","2","247","3","17","2","7"
"3","31","258","10","3","2","727","8","9","7","35"
"2","120","654","19","4","0","5894","17","18","18","90"
"2","100","548","18","3","1","4607","17","19","16","89"
"1","13","59","1","2","1","105","4","4","3","22"
"0","2","47","0","0","4","263","4","4","4","7"
"1","13","119","3","2","2","156","3","3","3","8"
"2","104","528","19","4","0","4769","14","31","16","110"
"0","4","55","0","0","2","191","2","17","3","10"
"2","73","805","13","4","1","3732","15","27","13","91"
"3","30","220","3","3","1","674","6","6","5","20"
"1","20","150","0","1","3","487","3","4","3","8"
"1","19","136","1","1","2","471","3","5","4","19"
"2","116","638","19","3","0","5570","18","18","17","108"
"1","15","58","3","1","2","415","4","4","3","14"
"2","111","827","12","4","1","3670","16","26","15","84"
"3","36","331","4","2","0","783","7","6","6","25"
"0","3","88","0","0","0","90","4","22","3","1"
"0","5","99","0","2","0","91","3","5","4","2"
"2","98","600","17","3","0","3820","16","26","17","96"
"0","4","41","0","0","4","135","2","9","4","6"
"0","7","91","0","0","2","284","3","7","4","1"
"0","1","21","0","1","4","63","3","19","3","2"
"2","102","652","12","4","0","5792","12","22","17","93"
"3","26","272","7","1","3","757","7","9","3","33"
"4","116","706","17","3","1","4761","15","23","16","72"
"1","6","57","0","1","3","165","3","3","3","10"
"2","113","679","12","4","0","4693","15","29","17","113"
"3","30","294","9","2","1","752","4","8","5","21"
"2","85","678","19","3","0","4688","12","26","17","77"
"3","27","252","4","3","2","601","4","6","7","20"
"2","71","788","13","4","0","4277","16","21","13","100"
"1","15","65","5","2","0","247","4","2","4","20"
"4","85","819","12","3","0","4406","16","22","17","85"
"2","79","537","16","3","1","4551","17","19","17","116"
"0","10","48","0","0","0","181","2","3","4","1"
"0","2","93","0","2","4","293","3","24","4","10"
"2","97","573","20","3","1","5809","16","34","16","106"
"0","7","56","0","0","1","57","3","19","2","1"
"2","75","785","18","3","1","4753","15","33","16","79"
"0","1","30","0","0","4","228","4","16","4","1"
"4","82","646","13","4","0","3609","14","34","17","100"
"4","111","806","18","4","1","3723","13","33","17","118"
"2","71","643","20","4","1","5424","16","28","14","82"
"0","1","66","0","1","2","234","4","24","2","2"
"1","17","126","0","1","2","294","4","2","3","15"
"1","15","126","1","1","0","396","4","3","3","21"
"4","114","535","18","3","0","5617","16","30","15","99"
"3","20","322","3","3","0","781","6","9","3","25"
"1","8","91","2","2","0","298","3","5","4","5"
"2","79","816","20","4","1","4218","16","29","18","92"
"0","10","50","0","1","0","245","2","17","2","5"
"1","6","108","2","2","4","360","3","3","3","24"
"3","39","207","10","1","0","779","9","7","9","34"
"3","23","396","6","1","0","656","3","7","5","33"
"2","87","629","13","3","0","3765","13","27","13","76"
"4","71","666","15","4","0","5892","18","23","16","109"
"1","19","104","3","2","1","61","4","5","4","14"
"2","118","748","15","3","1","5684","17","20","12","105"
"0","1","54","0","0","4","74","4","15","3","3"
"4","107","831","13","4","1","5455","17","25","18","113"
"2","84","783","17","3","1","4834","13","32","14","84"
"0","10","71","0","2","4","148","3","13","2","6"
"0","1","76","0","0","3","119","3","21","3","5"
"4","78","826","13","4","0","3958","16","24","12","118"
"4","84","698","20","3","0","4976","18","22","12","116"
"3","20","214","6","1","3","643","5","6","6","37"
"1","18","118","0","2","3","214","3","3","4","23"
"1","11","120","2","2","2","211","3","2","3","11"
"1","8","97","4","2","2","177","3","4","4","25"
"3","25","293","4","2","2","741","7","9","9","38"
"1","25","104","1","1","3","481","3","6","4","19"
"1","18","131","2","1","3","447","4","6","3","14"
"4","85","682","17","3","1","3969","18","20","18","75"
"2","106","812","13","4","0","3563","15","34","14","86"
"4","83","790","20","3","1","5821","16","32","15","108"
"0","10","44","0","1","0","111","2","22","2","3"
"1","12","139","1","1","0","436","4","2","3","12"
"0","3","10","0","2","1","161","2","25","4","6"
"2","111","792","15","4","1","4264","15","32","17","118"
"3","38","356","7","3","1","647","5","8","3","28"
"0","1","19","0","2","4","79","4","18","3","7"
"0","7","9","0","1","4","283","2","5","4","8"
"3","36","193","6","1","3","694","5","8","8","29"
"4","91","745","20","4","0","5094","16","32","13","93"
"2","109","686","18","3","1","5011","16","29","16","115"
"3","40","192","8","2","1","605","6","6","8","25"
"2","81","686","19","4","0","4063","13","33","16","103"
"3","22","375","5","3","3","645","7","8","4","29"
"1","8","72","2","2","3","361","4","4","3","11"
"1","22","129","5","2","0","199","3","4","3","25"
"3","24","391","10","1","2","743","3","6","3","36"
"4","80","584","15","4","0","5165","17","21","18","83"
"2","118","773","19","4","0","4066","13","18","12","92"
"0","9","33","0","2","1","124","3","20","3","4"
"3","33","307","6","2","2","741","6","7","8","34"
"4","104","540","19","4","1","5077","16","18","12","92"
"2","97","814","19","4","1","5908","12","33","14","112"
"1","7","108","4","2","3","139","4","5","3","10"
"0","10","98","0","0","0","70","3","13","3","8"
"1","9","64","2","2","4","299","4","2","3","10"
"4","120","771","15","4","0","4523","12","23","16","103"
"3","22","189","8","2","0","702","4","10","7","21"
"2","117","771","13","3","1","5626","14","29","14","103"
"3","31","252","4","3","2","651","3","8","9","28"
"3","40","229","8","1","0","620","7","10","5","25"
"4","112","772","14","4","0","5321","13","20","13","100"
"3","24","183","8","1","1","637","6","6","7","23"
"2","82","566","13","3","1","4820","15","18","16","108"
"3","35","310","7","3","0","787","6","7","4","40"
"2","85","634","20","3","1","5889","18","33","17","83"
"1","23","80","3","1","0","474","3","5","3","8"
"3","32","237","4","3","2","735","3","10","7","29"
"3","39","291","3","1","2","777","8","10","8","34"
"2","70","813","17","4","1","3965","14","29","13","107"
"0","3","7","0","1","4","54","4","12","3","4"
"2","93","630","19","3","1","5431","15","30","16","96"
"4","118","811","12","3","0","5748","17","33","13","99"
"0","9","89","0","0","2","113","3","24","2","5"
"4","99","650","18","3","1","4908","13","19","16","80"
"0","3","87","0","2","3","215","2","5","2","1"
"4","114","699","16","4","0","4181","13","21","17","101"
"0","8","63","0","0","2","279","3","8","2","1"
"1","13","113","4","2","3","497","4","2","4","23"
"3","40","394","4","3","2","673","9","8","6","25"
"2","103","750","15","3","1","5282","17","26","12","73"
"0","8","29","0","1","1","220","3","20","4","10"
"0","10","20","0","2","4","55","3","3","4","3"
"4","119","765","14","3","0","5107","15","27","12","107"
"0","6","80","0","1","0","104","3","14","3","2"
"0","1","96","0","1","1","147","4","17","2","3"
"1","5","89","3","2","3","146","3","4","4","7"
"0","6","21","0","0","3","206","4","16","2","1"
"2","97","819","14","4","1","4714","16","30","16","85"
"3","27","165","4","2","2","741","3","9","4","23"
"1","18","126","4","1","2","65","3","5","4","18"
"0","2","30","0","1","0","125","3","18","4","10"
"2","115","618","17","3","0","5666","14","25","16","81"
"3","25","329","6","2","2","699","8","10","5","25"
"4","99","511","18","4","0","4411","14","34","12","103"
"1","5","100","5","1","3","358","4","4","3","12"
"4","74","791","18","4","1","4783","18","34","15","74"
"3","37","355","9","2","3","768","9","8","9","24"
"4","73","638","20","3","0","5174","16","29","12","102"
"2","99","760","20","3","1","5128","15","28","13","81"
"1","6","45","5","1","0","145","3","5","3","21"
"0","10","66","0","0","1","157","2","12","2","10"
"4","103","533","17","3","1","5384","16","23","12","119"
"2","77","529","18","4","0","4345","14","22","17","113"
"4","78","492","15","4","0","5124","12","23","17","89"
"4","111","822","15","3","0","3554","17","25","17","91"
"0","9","12","0","2","4","258","4","18","3","2"
"1","12","61","0","2","1","280","4","3","4","14"
"3","25","363","7","1","1","731","9","8","7","29"
"4","89","575","14","3","1","4283","14","22","13","77"
"1","9","56","1","2","3","436","4","6","3","25"
"4","82","576","16","4","0","3546","16","25","16","118"
"1","13","89","0","2","0","296","3","5","3","13"
"3","32","310","8","1","2","604","7","7","8","31"
"3","27","302","10","2","0","778","5","7","8","21"
"0","2","75","0","0","2","227","2","7","3","1"
"2","77","570","19","4","0","4932","14","28","17","80"
"2","89","694","19","4","1","5916","14","18","13","90"
"0","9","34","0","2","4","99","2","10","2","7"
"2","101","738","18","4","0","5667","16","18","14","101"
"1","10","143","4","2","1","338","3","6","4","25"
"3","30","266","10","3","2","678","4","8","6","39"
"4","85","687","15","4","0","3938","17","24","15","75"
"3","24","191","5","1","3","739","7","10","4","39"
"3","32","207","10","3","1","601","6","7","7","38"
"0","1","68","0","2","0","77","2","13","2","2"
"4","105","748","19","3","1","3741","17","25","15","84"
"3","37","357","6","1","3","756","4","6","7","32"
"2","95","731","17","4","1","5862","15","18","17","97"
"0","7","52","0","0","3","69","4","20","3","3"
"1","6","47","0","2","4","344","4","6","4","24"
"3","34","247","10","1","2","708","5","9","8","25"
"1","12","131","2","2","0","106","3","6","4","9"
"4","95","684","15","4","0","5090","18","30","16","90"
"2","70","528","16","4","1","4675","18","22","17","96"
"1","24","74","3","1","4","76","3","4","4","15"
"1","5","64","4","2","1","260","3","4","4","13"
"1","23","141","3","2","1","118","3","4","4","12"
"4","109","697","14","3","0","4276","17","28","15","88"
"0","6","70","0","1","2","196","4","10","2","4"
"0","6","22","0","2","0","263","4","23","4","3"
"4","101","799","17","3","1","4911","14","24","13","103"
"4","114","792","20","3","0","4113","16","18","16","89"
"4","80","796","16","3","1","4003","12","24","17","76"
"0","4","10","0","1","2","225","3","10","2","6"
"3","38","275","8","2","3","662","6","7","3","23"
"2","114","661","12","3","1","4985","15","25","18","110"
"3","40","168","5","2","3","640","6","8","7","29"
"1","25","42","2","1","4","442","3","4","4","8"
"0","3","22","0","1","2","115","4","11","3","6"
"4","90","788","13","3","0","5872","13","23","18","96"
"1","23","117","0","1","0","69","3","3","3","24"
"1","9","53","0","1","0","108","4","5","3","13"
"4","74","608","15","4","1","3902","15","27","13","112"
"1","24","67","5","2","2","381","3","3","4","17"
"3","25","324","3","1","3","741","4","7","6","26"
"3","28","294","4","2","1","722","8","10","4","33"
"3","27","269","7","2","1","657","7","6","8","25"
"2","86","677","13","3","1","4021","15","21","12","71"
"3","37","160","10","2","3","792","8","6","7","40"
"3","23","388","8","2","2","690","7","8","8","23"
"1","20","99","3","2","0","472","3","3","3","16"
"1","16","59","0","1","4","334","3","3","3","14"
"3","34","270","3","2","2","668","9","6","7","24"
"4","120","765","20","4","1","3511","18","30","12","87"
"3","28","174","9","3","1","657","5","10","6","31"
"0","10","7","0","1","2","81","2","23","3","5"
"0","7","20","0","0","0","137","2","9","4","7"
"2","118","692","12","3","1","4914","12","31","14","118"
"4","83","520","15","4","1","4261","18","30","18","84"
"1","15","149","2","2","0","114","3","5","3","5"
"4","115","755","13","4","0","4636","18","34","13","99"
"3","38","286","4","1","0","765","9","10","5","25"
"1","20","148","2","2","1","474","3","5","4","19"
"4","120","777","17","4","0","4140","12","20","13","75"
"3","23","326","4","2","2","751","6","8","7","37"
"0","3","72","0","1","3","277","3","15","2","9"
"0","6","58","0","2","0","291","2","5","3","5"
"0","9","11","0","0","0","197","4","25","2","2"
"4","83","555","13","3","1","4764","16","18","17","75"
"1","21","82","4","1","0","227","3","2","3","21"
"4","91","683","20","3","1","4262","16","25","14","72"
"0","2","28","0","0","3","74","4","21","2","5"
"3","30","354","3","3","2","675","9","8","3","22"
"3","38","278","3","2","2","604","3","7","3","35"
"3","23","257","6","2","0","742","8","8","3","23"
"0","9","17","0","2","2","210","4","15","2","2"
"4","93","597","20","3","1","4829","15","27","16","78"
"4","87","588","15","3","0","5870","17","33","16","84"
"4","116","780","19","3","1","3659","12","26","16","114"
"3","32","298","5","3","2","733","4","8","3","38"
"4","120","556","20","4","0","5381","15","31","17","71"
"1","5","74","0","2","0","278","3","3","4","10"
"0","5","85","0","2","2","297","4","18","4","4"
"1","22","40","4","1","3","188","3","4","3","8"
"2","80","721","20","4","0","5985","18","31","16","85"
"0","10","27","0","2","1","152","3","9","2","6"
"2","72","650","13","3","1","4815","13","23","16","81"
"2","98","567","13","4","0","5922","12","29","14","96"
"2","80","696","17","4","0","3988","17","32","12","87"
"0","2","7","0","0","3","142","4","17","2","5"
"1","23","81","5","2","2","429","3","3","3","8"
"0","10","29","0","1","0","181","4","11","2","2"
"3","31","181","3","2","3","723","3","10","8","38"
"0","1","96","0","2","1","151","4","5","2","9"
"1","9","140","2","1","1","453","3","5","4","17"
"4","98","607","20","4","1","4103","16","24","18","79"
"2","115","809","14","4","1","5511","17","31","15","87"
"4","96","825","14","4","0","5418","13","21","18","93"
"4","115","575","13","3","0","4827","16","24","15","112"
"0","8","93","0","1","4","64","2","17","2","9"
"3","23","304","5","2","0","675","8","8","6","33"
"0","1","71","0","1","0","88","2","18","4","8"
"4","93","649","13","4","0","5245","18","34","15","105"
"4","116","797","17","4","1","5828","18","29","15","79"
"0","2","55","0","2","0","290","3","20","3","5"
"3","25","220","7","3","2","604","3","9","4","26"
"3","21","330","6","2","3","722","4","7","7","26"
"1","16","119","5","1","3","496","3","5","3","14"
"1","7","128","4","1","2","352","4","3","3","7"
"2","110","638","14","4","0","5035","16","31","14","79"
"2","101","830","16","4","0","3925","17","27","16","109"
"0","1","14","0","1","1","169","3","23","3","4"
"0","3","14","0","2","3","64","2","5","4","4"
"3","28","161","5","2","1","684","6","10","6","40"
"3","25","171","9","1","1","747","4","10","4","26"
"1","11","80","3","1","4","63","4","6","3","10"
"1","8","114","1","2","3","217","4","6","4","9"
"1","7","131","1","1","1","138","3","6","3","17"
"2","117","669","12","3","1","3893","18","26","15","92"
"4","113","526","16","4","0","4718","17","29","12","100"
"2","108","605","16","4","0","5922","17","34","17","99"
"1","23","81","3","2","0","244","3","3","3","19"
"2","107","795","17","3","0","4924","12","20","14","93"
"3","22","346","8","3","1","663","7","9","6","32"
"4","91","529","18","3","0","5918","13","28","16","108"
"3","30","343","3","1","2","630","5","8","9","36"
"2","91","574","15","4","1","3532","18","26","15","105"
"4","88","807","16","3","1","4036","13","23","15","109"
"3","23","267","9","3","2","687","4","6","3","39"
"4","97","713","18","4","0","5154","15","20","15","113"
"1","23","144","3","1","3","319","3","3","3","16"
"4","73","491","14","4","0","5527","16","19","12","96"
"1","17","98","4","1","2","70","3","5","4","10"
"1","21","41","4","1","3","427","3","4","4","5"
"3","24","272","4","2","1","628","6","7","8","23"
"4","83","650","12","4","0","3856","14","22","14","97"
"4","118","660","12","4","0","4301","16","26","18","104"
"4","117","794","19","3","1","5878","14","31","17","95"
"3","22","320","4","1","1","651","8","8","5","23"
"4","78","639","16","3","1","4628","15","21","15","95"
"0","5","33","0","2","2","281","3","5","4","4"
"4","81","578","14","4","0","5983","18","20","15","80"
"2","74","582","13","4","1","3954","12","30","13","86"
"3","40","276","3","2","3","695","7","6","6","24"
"0","7","43","0","1","3","212","2","10","3","4"
"3","37","296","10","2","0","777","3","10","9","27"
"3","34","343","9","2","3","638","7","10","8","22"
"2","95","634","13","4","1","5935","13","31","16","75"
"2","112","493","20","4","1","4634","13","23","18","73"
"1","11","53","2","2","2","256","4","4","3","17"
"2","106","600","20","3","0","3626","12","27","18","86"
"2","105","552","18","4","1","4411","14","27","13","98"
"1","16","40","5","2","3","54","3","6","4","19"
"4","111","581","13","4","0","5918","13","31","12","101"
"2","119","735","14","4","0","5308","14","26","16","114"
"1","24","143","0","2","4","291","3","2","3","22"
"0","10","53","0","0","1","153","3","20","2","8"
"0","7","16","0","2","3","104","4","5","4","8"
"1","18","51","3","2","0","309","3","4","3","25"
"1","15","143","4","1","2","332","3","3","3","12"
"4","94","494","19","4","0","4310","18","25","16","109"
"4","75","591","20","4","1","4409","14","32","15","101"
"1","18","90","5","1","1","215","3","2","3","19"
"3","34","213","9","3","0","611","9","10","3","25"
"0","5","76","0","0","2","97","2","10","3","9"
"4","111","789","15","3","1","4535","17","18","18","103"
"4","105","796","12","3","0","3885","15","20","16","74"
"3","34","194","10","1","1","726","3","6","4","21"
"2","110","779","16","3","0","4525","12","19","13","76"
"0","4","20","0","1","0","125","4","10","4","7"
"1","24","141","0","2","1","200","4","3","3","18"
"1","18","101","4","1","3","471","3","6","3","14"
"0","10","21","0","0","0","119","4","13","3","3"
"0","8","100","0","1","3","106","4","10","4","3"
"4","109","773","13","4","1","5975","16","30","12","101"
"4","75","565","17","3","0","5641","16","23","12","115"
"0","3","23","0","1","1","193","2","18","3","5"
"4","77","595","20","3","1","5318","13","29","13","76"
"0","7","48","0","1","2","213","3","10","3","3"
"0","1","24","0","1","0","259","3","21","3","9"
"2","84","630","15","4","1","4225","16","18","17","70"
"4","103","530","13","3","1","4800","17","30","15","70"
"4","78","748","17","3","0","3913","14","23","13","103"
"1","5","64","0","2","1","306","4","5","3","21"
"2","87","781","13","4","1","4182","16","29","14","86"
"3","39","320","5","2","0","739","5","8","7","34"
"1","16","77","1","2","2","265","4","6","3","24"
"2","94","752","16","4","1","5606","15","22","17","105"
"1","17","69","0","2","2","134","3","4","3","12"
"4","74","592","20","4","0","4185","15","29","15","107"
"4","79","760","17","4","0","5381","12","28","17","70"
"2","91","676","17","4","1","4249","12","32","12","71"
"4","92","749","15","4","1","4284","15","27","17","117"
"1","17","44","4","2","3","419","4","2","4","9"
"2","96","607","14","3","1","3616","18","18","16","76"
"4","91","648","16","3","0","4708","14","33","16","89"
"1","15","104","1","2","1","391","4","5","3","5"
"3","36","305","9","3","3","701","5","6","7","37"
"0","9","100","0","1","2","103","3","12","2","10"
"0","2","21","0","1","0","229","4","4","3","6"
"3","28","195","5","1","3","721","8","10","7","28"
"2","105","692","19","4","0","3692","16","34","17","71"
"2","112","594","18","4","0","4149","16","18","14","76"
"4","99","720","16","4","0","4195","16","33","18","94"
"0","6","47","0","0","2","125","3","11","4","3"
"4","116","613","13","3","1","4068","13","23","17","118"
"2","87","711","18","3","1","5452","18","19","13","90"
"1","24","91","1","1","1","357","3","4","3","18"
"3","31","325","3","1","1","642","6","6","3","26"
"4","115","536","14","3","0","5373","12","27","14","90"
"0","8","71","0","0","4","81","2","4","3","4"
"3","39","307","7","2","1","719","7","8","3","39"
"2","81","655","15","4","1","3960","17","23","12","86"
"2","111","614","15","3","1","5834","17","32","18","107"
"4","108","740","19","4","0","5014","15","21","16","70"
"3","38","233","6","1","0","616","3","9","7","33"
"1","18","60","2","2","0","129","3","4","4","18"
"2","95","685","17","3","1","3878","15","34","16","71"
"4","105","825","16","4","0","5121","17","23","13","100"
"0","3","79","0","1","0","237","4","14","2","5"
"4","87","675","12","3","1","3558","18","30","14","90"
"1","10","91","1","1","3","228","4","4","3","18"
"1","5","131","2","1","2","90","4","3","3","8"
"0","6","28","0","1","1","70","2","11","4","2"
"1","14","130","0","1","1","349","4","4","3","25"
"1","25","55","1","2","2","334","3","5","3","5"
"0","7","69","0","0","2","213","2","6","2","3"
"2","80","668","16","4","0","4423","12","23","17","70"
"0","4","80","0","1","2","186","4","14","3","9"
"1","6","101","4","2","2","59","3","6","3","10"
"1","9","43","3","2","0","215","3","5","3","6"
"1","23","100","4","2","1","260","4","4","4","23"
"2","71","687","20","3","0","5974","17","30","18","93"
"1","20","124","5","2","1","490","4","5","3","5"
"4","103","791","18","3","1","4883","17","27","13","70"
"2","74","565","19","3","1","5128","16","19","15","117"
"2","113","763","12","3","1","3521","18","23","13","120"
"4","89","832","12","4","1","5115","12","29","16","80"
"1","20","122","2","1","0","401","3","5","3","11"
"2","115","773","16","4","1","5877","17","22","13","114"
"3","38","320","8","3","0","664","7","8","5","24"
"2","88","496","19","3","0","5702","18","21","13","107"
"4","90","801","19","4","0","5022","17","18","14","70"
"2","84","509","13","3","0","4703","16","28","17","112"
"4","80","753","19","4","0","4421","18","30","18","89"
"2","112","726","12","3","0","3995","14","26","15","116"
"3","28","246","6","1","3","758","7","8","9","40"
"4","87","752","13","4","1","4184","14","31","15","83"
"0","8","17","0","2","4","134","2","11","3","8"
"4","73","746","12","3","0","3762","14","29","12","107"
"1","16","123","3","2","0","256","4","2","3","11"
"3","32","238","10","2","3","700","9","9","4","20"
"0","5","71","0","0","4","103","2","5","2","2"
"1","11","144","0","1","1","422","3","6","3","20"
"1","9","57","3","1","3","217","4","6","3","15"
"0","3","73","0","2","0","204","4","4","4","9"
"4","72","576","12","3","0","4145","14","30","18","117"
"1","5","77","4","2","3","109","3","2","4","7"
"4","111","507","16","4","1","4323","13","21","14","89"
"2","92","724","20","3","1","4583","12","19","17","94"
"0","1","83","0","0","4","198","4","21","2","1"
"0","7","65","0","1","1","76","4","9","2","3"
"4","90","632","15","3","1","3856","15","19","18","70"
"4","94","722","20","4","1","4863","12","25","18","82"
"2","102","711","17","4","1","5714","17","27","14","115"
"2","109","598","16","3","1","5325","12","19","16","93"
"3","29","291","7","1","3","796","3","10","6","34"
"2","117","591","17","3","0","3706","12","24","13","110"
"1","25","139","5","1","4","137","4","5","4","5"
"1","20","78","4","2","4","431","4","2","3","22"
"2","86","837","16","3","0","4209","17","21","18","93"
"3","26","220","8","3","0","713","5","7","7","38"
"0","5","19","0","0","2","156","4","10","3","9"
"1","19","88","2","2","3","324","3","5","3","23"
"3","38","309","10","1","1","718","6","7","5","26"
"4","99","618","20","3","0","4770","17","19","15","110"
"2","72","556","17","3","1","4435","12","33","12","80"
"1","17","116","5","1","2","230","4","5","3","14"
"3","35","400","6","2","2","791","4","6","5","39"
"0","4","65","0","2","0","247","2","23","2","2"
"4","115","836","12","3","1","4588","13","33","17","80"
"3","33","366","3","1","2","684","9","7","6","39"
"2","101","622","17","3","1","4447","15","21","17","116"
"2","88","662","12","3","1","3821","12","18","13","75"
"3","38","279","10","3","2","772","3","6","3","29"
"0","10","73","0","0","1","223","4","6","3","4"
"4","105","548","17","4","1","5717","12","19","12","111"
"3","23","355","7","2","2","742","5","10","3","22"
"2","101","543","20","3","1","4633","14","19","14","91"
"2","95","499","12","4","1","4229","18","28","17","115"
"2","102","762","19","4","1","4213","18","20","14","113"
"1","23","134","3","1","1","239","3","3","4","12"
"4","99","650","19","3","0","5402","14","32","18","101"
"3","39","399","6","3","1","646","6","10","8","29"
"0","4","17","0","0","3","122","3","8","4","8"
"4","112","812","16","3","0","5539","12","32","16","82"
"2","93","537","17","3","1","5181","14","34","18","93"
"3","33","222","10","3","2","682","6","10","8","29"
"2","82","505","12","3","0","3837","14","27","12","86"
"1","24","121","4","1","3","499","3","5","3","19"
"0","5","95","0","0","3","85","3","23","3","4"
"0","3","41","0","0","1","172","4","9","2","7"
"1","20","134","1","1","4","255","4","5","4","17"
"4","105","496","12","4","1","5693","17","18","15","70"
"4","71","786","18","4","0","4654","12","30","12","116"
"4","114","756","17","4","1","3965","12","21","17","105"
"2","77","606","14","4","0","5623","14","23","15","81"
"1","18","114","2","1","4","75","3","5","3","19"
"0","7","48","0","1","4","79","2","23","3","5"
"0","3","56","0","2","4","285","4","24","2","6"
"2","72","548","16","4","0","4420","14","18","12","82"
"3","29","400","3","3","3","747","5","9","9","33"
"1","23","94","2","1","1","148","4","6","3","21"
"4","94","514","20","4","0","5070","14","30","17","74"
"4","96","834","17","3","0","3717","17","20","14","87"
"2","116","523","19","4","1","4567","15","31","18","113"
"1","20","45","3","2","4","435","3","2","4","19"
"1","25","46","0","1","3","363","3","2","4","25"
"4","102","615","19","3","0","4732","18","31","14","118"
"2","77","831","14","3","0","3550","12","18","14","71"
"1","5","149","1","1","3","122","4","6","3","11"
"4","94","626","12","3","1","4820","15","34","16","73"
"1","9","149","2","2","4","59","4","6","4","14"
"4","89","701","14","4","0","5658","17","24","18","105"
"0","5","61","0","0","3","187","4","14","4","9"
"3","35","198","9","3","1","640","7","9","6","39"
"4","99","692","18","3","1","5603","18","20","13","110"
"0","5","21","0","0","0","257","4","6","4","1"
"4","76","601","14","3","0","4785","12","29","14","100"
"2","91","515","14","3","1","4324","18","23","16","76"
"0","2","53","0","2","4","147","4","19","4","7"
"3","29","239","10","2","1","627","5","8","6","38"
"4","86","800","17","3","1","4996","18","31","16","110"
"2","103","619","19","4","1","4287","18","31","18","105"
"1","22","64","5","2","3","485","4","6","4","7"
"1","13","110","1","1","0","282","4","3","4","20"
"2","89","638","14","3","0","5113","16","31","16","87"
"2","109","792","19","4","1","5351","14","30","13","85"
"1","6","130","2","1","4","188","4","2","3","15"
"4","101","531","20","4","0","5531","16","25","14","89"
"2","95","837","13","4","0","5792","16","24","18","99"
"3","33","175","4","1","0","641","5","10","7","25"
"2","78","650","14","4","0","4482","14","24","14","79"
"3","25","380","4","1","3","750","3","8","9","26"
"3","40","191","6","1","0","759","9","8","4","38"
"3","28","384","8","2","1","770","7","10","3","20"
"4","70","822","12","4","1","4201","14","28","17","86"
"2","92","745","18","3","0","4923","18","20","18","101"
"0","5","51","0","2","3","274","2","4","2","10"
"0","3","14","0","1","4","277","3","8","3","8"
"3","27","216","9","2","2","648","6","7","9","26"
"2","103","821","13","4","0","5513","16","29","15","115"
"1","20","119","5","1","1","330","3","5","3","15"
"0","8","87","0","0","0","201","4","14","4","8"
"4","94","744","13","3","1","5652","18","27","18","94"
"4","119","788","12","4","1","4947","16","33","17","115"
"3","22","267","5","2","1","731","9","8","9","36"
"0","8","44","0","1","3","68","2","7","4","7"
"0","1","82","0","2","0","284","3","8","3","2"
"2","106","513","12","3","0","4001","16","31","17","112"
"4","113","664","12","3","0","4920","18","33","17","114"
"2","108","528","13","4","1","4330","12","33","12","77"
"4","120","751","16","4","1","5131","15","31","15","103"
"2","87","619","20","3","1","5243","13","25","17","91"
"2","72","575","12","4","0","4670","14","31","12","93"
"3","37","314","5","3","0","793","4","9","9","39"
"3","28","312","5","2","0","754","4","7","4","20"
"0","5","33","0","2","4","200","2","10","3","7"
"0","4","23","0","2","3","108","4","3","3","8"
"3","37","265","8","3","2","663","4","9","6","20"
"2","90","642","12","4","0","5334","13","30","15","77"
"0","2","33","0","2","2","286","3","20","2","8"
"4","89","798","16","3","1","4894","18","34","14","92"
"0","5","64","0","1","3","257","3","4","3","5"
"0","4","69","0","2","3","272","3","21","4","2"
"2","119","530","17","4","1","5671","16","19","13","96"
"2","104","614","17","3","0","4573","13","25","16","95"
"0","2","39","0","0","3","100","4","7","4","4"
"4","91","734","18","4","0","5226","13","34","13","100"
"0","10","90","0","0","1","178","4","8","4","1"
"0","4","64","0","1","2","107","4","25","3","7"
"4","94","785","12","3","1","3850","12","18","12","100"
"4","86","639","14","3","0","4105","14","18","18","100"
"1","23","129","3","1","1","470","3","5","4","6"
"0","1","14","0","2","0","179","4","14","4","10"
"4","120","782","17","4","1","4655","14","33","17","79"
"3","23","289","3","2","1","782","6","9","7","20"
"1","18","129","4","1","4","82","3","6","4","13"
"3","34","323","5","2","0","663","6","10","3","22"
"4","118","618","14","3","0","4210","18","29","14","98"
"2","98","749","14","3","1","4025","17","34","15","77"
"2","84","598","16","4","1","4452","16","22","18","90"
"1","16","63","5","1","2","232","4","6","3","11"
"1","14","35","1","2","1","414","3","3","4","23"
"0","3","89","0","1","3","217","3","12","4","3"
"3","39","362","7","2","0","789","6","10","4","20"
"4","118","724","12","4","0","3990","14","24","12","84"
"4","77","641","13","3","1","4752","14","30","18","77"
"3","22","176","10","3","1","695","4","6","7","33"
"0","3","41","0","2","2","73","3","14","4","7"
"2","95","542","14","4","0","5785","15","27","12","120"
"4","94","773","18","3","1","5081","14","20","17","110"
"3","36","309","7","1","1","604","5","9","8","26"
"2","105","837","16","4","1","5476","17","28","13","83"
"3","21","314","10","2","2","645","3","8","8","34"
"3","22","367","6","1","3","699","7","10","3","33"
"2","79","784","12","4","0","4014","13","18","18","96"
"4","119","544","19","4","0","3744","14","25","16","110"
"1","25","92","4","2","2","209","4","5","3","12"
"1","16","105","4","1","1","255","3","4","3","22"
"0","4","69","0","1","1","273","3","4","2","6"
"0","10","8","0","0","1","247","2","12","4","5"
"4","99","612","15","4","1","5659","14","34","17","118"
"4","76","810","15","4","1","5905","13","31","17","90"
"4","104","830","18","4","0","5647","14","34","18","114"
"1","7","44","4","1","3","487","4","6","3","24"
"4","78","655","14","4","0","5939","17","20","17","100"
"3","30","313","10","1","3","795","6","7","5","33"
"3","20","265","10","2","0","778","9","8","8","35"
"3","25","232","6","2","0","780","7","7","8","25"
"2","105","530","15","3","0","4406","17","18","13","77"
"0","6","82","0","0","3","295","3","4","4","1"
"2","109","562","20","3","1","3554","12","28","13","111"
"1","8","37","2","1","0","450","4","2","3","18"
"2","102","604","14","4","1","4955","15","28","17","72"
"3","22","243","3","2","2","613","3","10","7","31"
"3","35","219","6","1","2","628","3","6","9","23"
"3","37","290","10","1","0","659","6","6","8","22"
"1","7","85","3","2","4","71","4","6","3","18"
"0","2","6","0","0","1","206","3","19","2","9"
"0","8","33","0","2","0","154","3","8","4","8"
"3","31","355","5","2","0","793","3","7","8","26"
"4","78","662","13","3","1","4560","15","25","17","85"
"4","90","626","19","3","0","4641","14","32","14","119"
"3","40","183","3","3","0","720","6","7","5","24"
"4","87","649","19","4","0","5241","15","33","16","116"
"3","27","187","4","1","1","779","9","7","7","21"
"1","8","114","0","1","2","94","4","5","4","10"
"4","92","545","16","4","0","4100","14","28","16","94"
"4","77","566","16","3","1","3678","17","32","13","103"
"1","7","39","0","1","2","196","4","4","4","11"
"1","13","97","1","1","3","84","3","6","4","7"
"0","9","64","0","1","1","233","2","9","2","2"
"3","21","188","6","1","3","678","3","8","8","20"
"3","32","375","3","2","2","768","4","9","6","26"
"1","13","39","1","1","1","100","3","2","4","15"
"4","72","552","19","4","0","3667","18","23","17","102"
"0","3","39","0","2","0","248","3","25","4","3"
"4","73","503","14","4","0","5116","14","34","17","79"
"1","15","84","0","1","4","241","4","6","4","5"
"4","113","706","19","4","0","5844","14","18","16","105"
"2","102","771","15","4","1","5487","12","28","16","82"
"1","17","108","4","1","3","223","4","3","4","6"
"3","37","183","10","2","1","799","6","6","4","31"
"0","8","95","0","1","4","170","4","16","2","5"
"3","27","318","3","3","2","781","5","9","9","32"
"0","2","19","0","2","2","185","4","13","3","5"
"3","28","196","9","3","2","655","8","10","7","20"
"3","37","300","3","2","3","607","8","7","5","36"
"2","83","618","20","3","0","3620","18","33","17","115"
"0","6","74","0","2","2","55","2","12","2","3"
"1","9","106","0","2","2","87","3","5","4","6"
"0","5","77","0","2","1","132","3","15","3","2"
"4","83","744","18","4","1","5098","13","31","17","119"
"0","4","50","0","1","2","288","2","7","2","3"
"2","86","672","14","3","0","4192","16","26","16","84"
"4","84","707","12","4","0","5563","12","20","15","96"
"0","8","50","0","2","3","68","2","13","3","3"
"3","38","192","10","3","0","778","8","9","6","34"
"0","9","21","0","2","1","226","4","10","3","5"
"1","12","91","1","2","1","64","3","2","4","21"
"4","77","628","14","3","0","4234","18","33","14","97"
"1","7","64","2","2","2","473","4","6","3","14"
"2","101","726","14","3","1","5844","18","31","14","108"
"2","108","651","20","3","0","3895","18","18","13","74"
"1","5","70","5","2","2","414","3","4","3","19"
"1","17","50","1","1","2","209","3","6","4","8"
"3","24","224","3","1","1","621","9","6","7","39"
"2","84","836","16","3","1","5212","15","30","14","96"
"3","24","340","6","3","0","603","6","6","8","26"
"2","74","764","16","3","1","4606","16","33","13","75"
"2","75","662","19","3","0","3793","16","19","15","80"
"2","70","555","17","4","1","5387","17","24","15","71"
"0","1","60","0","1","1","108","4","20","2","3"
"3","40","284","7","1","2","747","7","7","8","27"
"3","29","397","8","3","1","625","3","7","5","20"
"2","85","559","18","4","0","4375","17","34","14","110"
"0","1","98","0","0","1","194","2","19","4","10"
"1","14","65","1","1","0","311","3","2","4","12"
"3","36","348","10","2","2","787","6","6","3","31"
"1","17","65","4","2","2","239","4","2","4","10"
"2","103","536","15","4","1","5237","13","21","13","79"
"0","4","45","0","1","0","180","3","17","2","7"
"4","70","610","15","3","0","5690","15","34","13","104"
"1","5","102","5","1","2","96","3","4","3","7"
"0","1","36","0","0","0","152","4","25","2","7"
"1","24","100","0","2","3","460","4","4","4","8"
"3","34","370","3","3","0","682","3","6","6","32"
"4","115","540","15","4","0","5737","12","24","15","77"
"0","10","64","0","2","0","229","2","3","3","3"
"1","21","127","3","1","3","451","3","4","4","11"
"2","97","736","20","4","1","3658","18","33","17","84"
"2","87","664","17","3","1","5736","18","23","13","90"
"0","2","86","0","2","2","171","4","24","3","7"
"1","14","65","1","2","4","216","3","3","4","17"
"2","86","774","13","4","0","4300","16","34","18","112"
"4","109","712","17","4","1","4515","13","34","18","111"
"2","79","653","14","4","0","5680","16","30","15","73"
"4","87","699","14","4","1","4610","16","34","12","117"
"2","77","532","17","3","0","5271","15","23","15","78"
"3","28","359","3","1","3","665","6","7","3","20"
"2","94","717","18","4","1","4291","17","24","15","115"
"0","9","80","0","1","3","290","4","18","4","10"
"2","117","492","17","4","1","4927","15","26","16","88"
"0","5","14","0","2","0","146","3","11","4","3"
"4","71","824","16","3","1","3553","16","29","12","92"
"4","77","653","13","3","1","4543","12","29","18","72"
"1","7","136","4","1","4","284","4","2","3","21"
"2","95","555","17","3","1","5730","17","18","12","115"
"4","99","831","17","3","0","5496","17","25","13","91"
"4","119","522","19","3","0","5697","14","32","12","74"
"3","22","193","4","1","0","619","9","9","6","22"
"0","2","44","0","1","0","265","3","13","4","2"
"0","5","17","0","2","4","241","2","14","2","6"
"3","36","220","8","1","1","731","4","9","4","37"
"3","34","345","4","2","2","758","6","8","7","29"
"2","109","666","14","3","1","4050","18","34","18","88"
"1","19","94","4","1","0","500","4","3","3","16"
"3","23","309","8","1","1","743","3","9","9","25"
"3","32","197","10","3","2","689","9","10","3","24"
"0","9","77","0","2","3","60","4","6","4","9"
"2","74","762","13","3","1","4175","17","34","12","99"
"3","37","167","6","1","3","735","3","6","9","31"
"4","111","634","15","3","1","4816","15","19","17","88"
"3","37","193","7","1","0","621","9","6","3","34"
"1","5","45","1","1","4","230","4","3","3","21"
"3","38","213","3","3","0","648","9","9","6","22"
"4","85","575","18","4","0","5780","14","23","18","94"
"0","1","8","0","2","1","300","2","23","4","7"
"4","74","526","20","4","0","4534","18","32","13","89"
"4","70","602","15","3","0","5249","15","33","17","110"
"4","87","825","18","4","1","5964","17","18","15","99"
"1","14","108","1","1","1","225","4","3","3","17"
"2","101","614","13","4","1","5745","14","19","14","73"
"3","27","226","7","3","3","698","3","6","9","36"
"1","17","51","1","1","0","51","3","4","4","17"
"0","6","57","0","2","0","224","3","11","3","5"
"0","8","43","0","1","3","253","4","23","4","7"
"3","38","337","10","3","0","658","3","9","5","30"
"4","76","529","16","3","1","3946","17","26","14","116"
"1","18","94","4","2","3","284","3","6","4","7"
"2","106","713","18","4","1","5666","18","27","18","72"
"4","108","709","14","4","1","3741","14","23","16","84"
"1","6","112","0","2","0","213","3","4","3","23"
"4","119","645","13","4","0","5494","15","31","17","76"
"1","25","118","4","1","4","83","4","3","4","25"
"0","8","50","0","1","3","112","2","17","4","2"
"2","106","730","17","4","0","4936","13","28","16","90"
"4","86","646","12","4","1","5033","16","21","16","114"
"0","8","13","0","2","0","282","3","17","2","7"
"0","4","77","0","2","3","172","3","23","3","10"
"4","85","524","12","3","1","4646","16","34","16","110"
"4","97","752","14","3","1","5743","17","22","12","114"
"3","37","313","4","1","1","677","4","7","4","33"
"0","9","71","0","2","4","156","2","13","4","3"
"4","112","765","15","4","1","4274","17","27","15","119"
"2","120","694","12","3","0","5266","14","33","15","97"
"2","97","661","12","3","0","4610","16","29","13","90"
"2","103","582","16","4","1","4481","13","24","17","87"
"0","3","27","0","1","3","195","3","4","3","3"
"2","105","784","13","3","0","5806","18","34","18","118"
"3","32","327","5","2","1","661","3","8","9","35"
"2","112","613","19","4","0","3639","18","29","17","92"
"4","95","542","13","3","0","5900","18","21","14","95"
"3","35","362","9","2","3","657","8","10","8","31"
"4","92","579","20","4","1","4177","15","30","18","95"
"3","39","304","5","3","2","775","7","8","7","21"
"4","115","606","15","3","1","5853","12","19","16","73"
"1","7","51","4","2","0","244","3","2","4","24"
"1","16","107","1","1","1","276","4","3","4","21"
"4","75","756","20","3","1","5429","17","24","12","70"
"0","6","61","0","0","4","205","3","18","4","8"
"0","9","89","0","0","1","262","3","6","2","6"
"2","101","580","17","3","0","4610","15","23","17","113"
"0","9","76","0","2","1","184","3","23","3","1"
"4","81","759","14","3","0","5472","12","31","17","84"
"4","103","691","15","4","1","3531","16","18","16","72"
"0","8","89","0","0","2","145","3","17","3","7"
"1","6","136","1","1","2","197","3","5","3","13"
"4","78","580","16","4","0","4437","13","25","15","97"
"4","111","635","12","4","0","4453","13","20","14","83"
"2","108","498","20","3","1","3998","17","24","16","119"
"3","39","209","3","2","2","615","4","10","8","37"
"3","31","331","6","1","3","620","7","7","8","30"
"3","29","272","7","3","1","773","9","10","9","27"
"0","6","8","0","0","1","105","2","5","4","7"
"4","116","822","20","4","0","5329","13","31","16","95"
"0","3","74","0","2","4","67","3","6","2","1"
"3","22","348","6","1","1","612","5","10","4","34"
"1","23","59","3","1","3","354","3","4","3","8"
"4","94","585","17","4","1","5485","17","33","12","77"
"4","89","766","17","3","0","3729","18","18","13","98"
"0","9","22","0","0","1","246","2","12","4","8"
"1","15","67","0","2","4","334","4","6","4","17"
"3","28","243","9","2","1","652","8","7","5","25"
"2","74","508","17","4","0","5595","17","25","14","78"
"1","14","42","1","2","0","212","3","2","4","9"
"2","70","516","12","4","1","4619","15","19","14","77"
"3","33","343","9","2","2","622","8","10","4","28"
"4","70","513","16","3","0","4182","12","22","14","93"
"0","8","42","0","2","3","88","4","10","3","5"
"2","82","747","14","3","1","4259","17","21","13","113"
"2","92","823","13","3","1","5095","14","29","13","80"
"2","84","763","17","3","1","4472","14","34","18","93"
"0","3","85","0","1","0","241","2","17","4","6"
"3","32","264","9","3","2","635","6","6","7","35"
"2","91","613","18","4","0","5161","16","31","14","106"
"4","90","729","12","3","1","5969","15","32","17","89"
"1","16","147","3","2","2","70","4","4","4","17"
"4","89","684","19","4","1","4459","12","31","18","74"
"3","40","356","9","1","2","638","8","9","9","38"
"4","81","550","20","3","1","4868","18","21","12","105"
"0","10","63","0","2","3","97","4","25","3","6"
"1","7","112","4","1","2","95","4","2","4","8"
"2","112","571","18","3","1","4781","15","27","18","105"
"0","4","7","0","2","0","164","4","15","3","2"
"3","31","175","7","2","0","754","9","8","4","30"
"3","22","300","7","2","1","712","7","9","3","37"
"1","19","142","3","1","1","176","4","4","3","23"
"0","1","78","0","1","4","89","3","16","3","7"
"4","103","491","12","3","1","5546","16","27","15","78"
"4","74","678","12","4","0","4283","17","28","16","117"
"0","3","25","0","0","4","165","3","13","3","8"
"3","27","283","8","1","2","774","6","10","4","37"
"1","20","46","2","2","3","367","4","4","3","17"
"1","25","107","5","1","4","95","3","5","4","23"
"1","20","143","0","2","2","312","3","2","3","20"
"3","29","220","4","3","0","639","3","7","4","29"
"0","1","30","0","2","1","291","3","17","3","6"
"3","25","277","6","3","1","737","5","6","7","26"
"0","2","9","0","2","3","65","2","23","4","6"
"0","1","69","0","1","2","228","2","14","3","3"
"4","77","574","16","3","0","5603","14","32","18","111"
"4","73","585","17","4","0","4957","16","32","13","90"
"1","11","131","0","1","4","461","3","5","3","16"
"0","6","60","0","2","3","153","2","17","3","5"
"1","25","55","5","2","3","460","3","4","4","12"
"4","92","757","20","4","0","4229","13","21","14","120"
"1","22","63","2","1","3","490","3","6","3","9"
"3","20","355","8","3","0","630","8","8","9","32"
"0","7","86","0","1","1","68","3","18","3","2"
"2","105","597","17","3","0","5980","18","19","16","99"
"2","74","762","16","4","1","4014","16","20","15","94"
"3","27","285","4","2","3","779","5","10","6","26"
"1","16","148","2","2","4","65","3","2","4","25"
"0","9","39","0","2","4","284","3","6","3","7"
"0","10","14","0","0","4","76","3","23","2","8"
"4","117","680","19","3","0","4282","14","24","16","73"
"2","91","835","19","3","0","4906","15","18","12","73"
"2","72","491","16","4","0","5113","12","23","16","74"
"4","114","572","12","3","0","5871","17","19","12","102"
"2","114","804","20","4","0","5635","16","21","12","73"
"3","25","266","4","2","3","685","5","8","3","39"
"4","115","827","12","3","0","3617","17","19","16","108"
"1","11","92","1","1","2","344","3","4","3","11"
"4","82","740","13","3","0","4622","12","26","14","103"
"2","100","616","18","4","0","5483","16","23","16","90"
"4","81","641","20","4","1","3845","16","34","14","95"
"2","120","501","15","3","0","5868","18","23","15","114"
"0","10","81","0","1","4","222","4","25","4","1"
"0","9","77","0","2","3","210","4","20","3","2"
"2","110","644","18","3","0","3968","14","20","12","78"
"3","23","259","8","3","0","718","7","7","3","33"
"0","9","86","0","1","0","197","4","8","2","9"
"1","7","82","2","2","3","53","3","4","3","8"
"4","71","830","19","4","0","4022","15","22","17","84"
"2","74","723","19","4","1","4961","12","18","16","81"
"1","16","59","2","1","1","305","3","3","3","18"
"3","40","193","8","3","0","655","6","10","9","33"
"1","7","134","3","1","4","117","4","4","4","11"
"4","70","624","12","3","0","5947","12","33","16","115"
"0","2","71","0","2","2","184","3","9","4","8"
"2","78","742","19","4","0","5377","13","31","17","112"
"2","78","566","18","3","0","5121","16","31","14","102"
"3","34","264","10","3","3","755","6","9","7","25"
"0","7","46","0","1","4","178","3","14","4","3"
"0","1","55","0","2","0","261","2","4","2","7"
"3","20","171","6","1","0","766","9","9","6","35"
"4","88","580","19","4","0","3847","14","28","16","96"
"3","32","228","6","2","0","733","4","8","8","25"
"1","14","71","4","2","1","129","3","4","4","17"
"3","39","255","5","2","0","706","6","6","6","38"
"4","84","829","16","3","0","5691","14","30","14","94"
"1","9","103","0","2","4","299","3","6","4","13"
"3","27","186","9","2","1","644","7","6","4","26"
"1","12","124","2","2","0","276","3","4","4","9"
"4","91","711","16","4","1","5363","18","29","15","114"
"1","18","119","2","1","4","323","4","3","3","18"
"3","30","383","6","1","0","727","4","9","3","35"
"0","1","65","0","1","4","53","2","9","3","6"
"0","8","64","0","1","3","163","2","19","3","7"
"1","16","96","2","2","3","76","4","5","4","15"
"1","12","118","1","2","3","437","3","2","4","17"
"1","18","104","5","2","1","242","3","3","3","9"
"4","116","586","14","4","1","3540","18","25","13","72"
"1","14","144","3","2","1","418","3","3","4","5"
"1","21","140","3","1","0","417","4","6","4","14"
"0","6","45","0","1","0","255","3","11","2","10"
"2","95","772","15","3","1","5528","15","20","12","106"
"3","24","320","9","2","3","615","8","8","6","35"
"3","24","177","7","2","1","706","9","10","6","23"
"1","9","55","3","2","4","198","3","5","4","23"
"1","14","39","5","2","0","287","4","6","4","6"
"4","108","761","20","3","0","4632","16","25","18","100"
"2","118","521","14","4","0","5367","18","19","15","112"
"0","6","96","0","0","0","53","4","9","2","9"
"3","36","257","4","1","0","641","5","10","7","29"
"0","5","31","0","0","1","269","2","23","3","7"
"0","5","93","0","1","2","174","3","20","2","1"
"3","28","392","6","2","2","778","5","7","7","35"
"0","6","73","0","2","4","180","2","13","2","6"
"2","91","803","15","3","0","4389","16","25","18","90"
"2","80","589","20","4","0","5678","18","26","17","77"
"1","19","107","1","2","1","268","3","3","4","7"
"3","40","337","9","3","3","615","4","8","4","23"
"0","9","45","0","1","2","94","3","24","2","4"
"4","84","817","17","4","0","5046","13","32","15","104"
"4","74","720","15","4","0","3657","12","30","13","114"
"1","22","132","5","1","1","255","4","4","3","17"
"0","3","60","0","2","2","134","2","22","4","7"
"2","81","789","15","4","1","3887","13","25","17","116"
"4","108","773","12","4","0","5831","14","26","16","91"
"2","114","622","18","3","0","4239","18","33","15","85"
"0","4","16","0","1","1","292","4","10","3","2"
"4","112","564","16","3","1","5176","18","29","16","116"
"1","16","132","1","2","4","383","4","5","4","8"
"4","75","584","13","3","0","5295","14","23","15","101"
"1","6","84","3","1","4","419","4","5","4","24"
"3","26","208","6","2","0","632","9","7","9","35"
"1","6","77","3","1","2","281","4","6","3","15"
"3","22","277","7","3","2","616","5","10","5","27"
"4","92","839","12","4","1","4469","14","32","14","117"
"3","36","371","7","2","3","671","5","9","8","21"
"4","87","498","13","4","1","4603","12","23","15","80"
"1","10","88","1","1","0","318","4","2","3","7"
"2","95","510","16","4","1","4479","16","21","12","111"
"1","18","71","0","2","4","380","4","5","3","23"
"0","6","7","0","1","2","78","2","10","3","10"
"4","100","571","16","3","0","4098","17","27","13","97"
"3","26","394","8","1","2","744","3","6","9","27"
"0","1","41","0","1","1","248","2","14","2","1"
"1","24","71","1","2","3","168","3","5","4","7"
"3","32","337","8","2","3","756","4","9","3","40"
"4","81","685","13","4","0","4221","13","20","16","98"
"3","31","250","9","1","3","626","4","8","6","38"
"0","10","89","0","2","2","72","3","14","2","5"
"4","104","696","14","4","0","3713","16","19","16","101"
"2","87","582","12","4","0","4246","17","32","12","118"
"1","17","87","2","2","3","152","4","5","4","11"
"4","120","549","12","4","0","5384","14","30","15","94"
"3","37","390","6","1","0","781","5","8","4","40"
"4","89","572","13","4","1","4391","13","21","13","102"
"1","16","134","3","2","0","256","4","4","3","14"
"4","70","704","14","4","1","4072","16","19","12","116"
"0","2","11","0","1","3","191","4","21","3","6"
"3","37","175","8","3","2","688","5","7","7","30"
"3","38","294","9","1","1","755","3","6","5","40"
"4","79","509","20","3","1","5965","12","19","16","107"
"1","5","116","0","1","4","195","4","5","3","17"
"0","6","97","0","1","1","210","2","4","3","6"
"0","2","67","0","2","2","95","3","12","3","9"
"2","106","516","15","4","0","5446","14","21","17","75"
"1","22","38","5","2","4","445","3","6","4","24"
"3","28","275","5","1","3","600","5","10","7","20"
"3","38","382","10","2","0","620","4","6","4","26"
"0","1","99","0","0","3","118","2","15","3","7"
"3","34","331","3","3","3","649","4","7","8","28"
"2","84","540","16","4","1","5790","16","21","13","70"
"3","34","214","3","3","2","744","3","10","6","26"
"4","85","754","16","4","1","5266","16","33","15","92"
"2","92","677","16","4","0","5641","15","33","18","109"
"2","106","817","17","4","0","4080","17","20","13","99"
"1","20","35","2","1","4","452","3","3","4","14"
"0","5","62","0","2","4","270","3","5","2","6"
"4","91","803","17","3","0","3880","17","19","12","102"
"4","103","738","20","4","1","4495","12","32","18","90"
"2","80","605","14","4","1","5545","14","18","14","97"
"1","17","123","1","1","1","324","4","6","3","14"
"4","116","833","17","3","1","5328","16","28","15","92"
"4","120","629","20","3","0","4428","12","31","13","115"
"2","88","768","17","4","0","3760","18","31","12","107"
"4","111","744","15","4","1","4442","17","31","16","74"
"2","75","761","19","3","1","3929","14","19","15","106"
"4","85","512","14","4","0","4473","17","25","12","98"
"4","85","664","14","3","1","4095","16","33","16","86"
"4","89","654","12","4","0","4913","16","30","18","93"
"4","101","516","12","4","1","4479","17","22","13","109"
"4","70","662","20","3","1","3693","14","20","16","87"
"1","10","110","3","1","4","84","4","4","4","8"
"2","77","497","19","4","1","4361","17","20","17","83"
"0","5","10","0","2","0","50","3","8","4","7"
"3","26","366","8","2","2","707","7","10","8","29"
"2","78","780","13","3","1","5230","13","24","16","78"
"1","21","115","2","1","2","57","4","6","4","11"
"3","40","211","3","2","3","741","7","7","4","38"
"1","9","84","5","2","4","412","4","2","3","13"
"3","32","371","7","3","0","610","5","10","8","31"
"0","6","89","0","1","3","89","2","16","3","3"
"4","109","714","13","3","0","4665","18","22","14","115"
"3","36","314","6","1","0","675","6","10","8","32"
"0","1","98","0","1","4","244","2","19","2","8"
"4","115","567","13","3","0","5477","16","24","15","83"
"3","33","332","5","3","1","790","6","8","6","28"
"3","24","194","4","2","1","653","7","9","7","20"
"3","23","264","5","2","3","784","5","6","3","36"
"2","99","776","16","3","1","5083","14","23","16","104"
"1","7","61","0","1","2","146","3","5","4","14"
"4","89","580","20","4","1","4845","12","20","13","74"
"1","9","75","3","1","2","334","4","3","4","13"
"0","3","61","0","2","0","59","4","11","4","10"
"3","33","232","10","3","0","709","8","7","8","20"
"2","113","807","12","3","1","4829","15","23","17","89"
"3","29","189","7","1","2","795","8","9","4","24"
"2","74","802","17","3","0","5736","17","33","18","95"
"2","80","514","17","4","1","4084","12","31","13","84"
"0","9","23","0","2","2","295","4","22","2","1"
"0","1","63","0","1","2","190","3","3","2","1"
"3","38","175","6","3","1","656","9","8","3","37"
"4","70","688","12","3","0","3820","12","18","16","116"
"4","103","555","17","3","1","3877","16","34","16","120"
"0","2","21","0","2","0","50","4","18","2","2"
"2","119","530","20","3","1","3813","13","33","18","97"
"4","83","587","15","3","0","5495","14","20","17","113"
"0","8","56","0","0","1","228","3","21","4","7"
"1","18","104","2","1","1","328","3","6","4","12"
"3","22","179","10","2","1","658","8","7","5","37"
"4","90","769","15","4","0","3841","13","24","17","80"
"2","111","607","16","3","1","4025","14","28","16","85"
"0","7","45","0","0","0","177","3","8","2","1"
"2","100","816","12","4","0","3957","13","29","15","74"
"4","103","782","15","4","0","5835","16","30","12","104"
"0","1","16","0","0","4","217","4","4","2","4"
"4","81","628","14","3","0","5779","14","31","17","105"
"4","100","521","18","3","0","5129","16","28","17","82"
"2","108","492","17","4","0","4675","18","19","13","82"
"2","85","630","17","4","0","4882","17","34","13","101"
"0","7","44","0","2","2","294","2","7","3","2"
"1","22","54","5","2","1","436","3","5","4","13"
"2","85","523","12","3","0","4087","14","19","12","87"
"2","106","605","12","4","0","5505","15","26","18","102"
"1","22","82","1","1","1","69","3","3","4","24"
"4","74","573","15","4","1","4945","14","22","12","107"
"2","100","771","12","4","1","4820","14","30","18","84"
"0","7","73","0","1","3","208","2","6","2","1"
"2","89","644","15","3","1","5431","13","20","13","97"
"4","108","694","15","4","1","4491","12","21","12","108"
"4","90","628","20","3","1","5728","17","26","14","102"
"2","74","754","12","3","1","5170","12","27","15","108"
"2","76","688","19","3","0","5473","12","20","17","82"
"4","71","738","19","4","1","4968","16","30","15","97"
"3","20","390","9","3","1","718","3","8","4","39"
"4","119","565","15","4","1","5192","14","26","15","83"
"3","27","277","3","2","2","733","7","9","6","30"
"3","35","284","6","3","3","799","3","8","6","33"
"0","9","76","0","2","3","82","4","13","2","6"
"0","9","16","0","0","4","149","3","20","4","6"
"0","5","63","0","2","2","221","4","11","3","9"
"3","35","231","10","1","1","600","8","9","5","27"
"1","15","104","4","2","0","482","4","4","3","22"
"3","40","179","7","3","0","679","4","8","8","29"
"2","92","554","14","3","0","4782","15","21","15","97"
"2","118","622","12","3","0","4775","18","30","18","73"
"2","104","493","20","3","1","5860","15","33","16","95"
"0","6","37","0","1","1","283","2","11","4","1"
"3","32","335","5","3","0","606","5","9","7","21"
"1","12","37","2","1","1","305","3","5","4","13"
"1","14","70","1","1","3","122","3","4","3","24"
"3","30","280","5","1","0","692","9","8","9","40"
"1","21","107","2","1","1","486","4","4","4","12"
"4","90","589","20","3","1","4283","16","18","12","100"
"4","92","606","19","4","0","3962","15","22","16","91"
"2","99","840","15","4","1","4498","14","29","12","111"
"3","34","204","7","3","3","747","9","7","3","27"
"3","38","376","7","3","1","623","3","6","5","25"
"3","20","161","5","1","2","672","4","9","4","40"
"3","28","340","6","1","2","742","3","6","7","20"
"0","8","16","0","2","4","286","3","21","2","9"
"1","17","35","0","2","1","462","4","3","4","5"
"3","40","176","6","3","3","768","7","7","7","29"
"1","9","74","5","2","1","224","3","2","4","16"
"3","22","303","3","2","0","606","4","6","7","30"
"1","19","83","2","2","0","139","4","2","4","18"
"0","5","40","0","2","0","98","2","4","3","8"
"0","1","39","0","2","4","191","3","24","3","2"
"4","103","685","15","3","1","4856","13","19","12","70"
"0","8","54","0","2","1","199","3","12","3","4"
"0","8","71","0","1","1","97","3","10","2","10"
"4","108","507","13","4","0","3905","12","24","14","105"
"2","112","716","20","4","1","5523","16","20","18","74"
"4","109","604","16","4","0","3791","15","29","18","75"
"3","21","177","6","3","3","611","6","9","5","23"
"1","14","88","2","2","2","95","3","4","4","16"
"4","76","667","13","3","1","5086","13","33","12","118"
"2","111","748","19","4","0","3965","18","34","13","95"
"2","91","503","13","3","0","4126","16","21","17","118"
"1","22","119","3","2","1","339","3","5","3","18"
"0","7","68","0","1","0","125","3","3","4","9"
"1","21","48","1","2","0","440","3","5","4","24"
"3","29","283","4","3","1","719","6","8","5","23"
"3","22","288","7","1","3","654","7","9","8","36"
"1","6","121","5","1","4","127","3","3","3","17"
"0","2","33","0","0","4","234","2","10","3","5"
"2","94","531","15","3","0","5849","14","32","14","79"
"1","17","104","4","1","3","130","4","2","3","8"
"4","95","496","17","3","0","4114","12","23","14","112"
"2","73","683","13","4","0","5665","16","25","15","109"
"1","5","54","2","2","1","311","3","3","4","7"
"0","1","36","0","0","0","288","2","23","2","2"
"4","101","661","12","4","0","5782","17","28","13","72"
"4","113","731","14","4","0","3598","16","31","13","83"
"1","19","85","4","1","2","328","3","2","3","15"
"3","30","318","8","3","2","608","8","10","5","31"
"2","97","635","18","3","0","4268","14","28","16","83"
"4","101","767","18","4","0","3583","18","25","13","71"
"4","83","661","18","4","1","4370","17","31","14","87"
"2","88","804","17","4","1","5185","12","34","17","110"
"3","27","282","6","1","3","772","5","10","9","35"
"0","10","85","0","1","0","98","2","14","4","2"
"2","71","562","19","3","1","4337","18","22","14","76"
"4","100","750","13","3","0","5171","16","18","17","92"
"0","3","99","0","2","1","294","2","9","3","7"
"0","3","93","0","1","3","250","4","16","3","7"
"4","91","672","20","3","0","4727","18","24","12","85"
"3","21","206","9","1","2","712","8","6","5","39"
"3","32","225","3","1","3","623","9","10","8","34"
"1","25","68","2","1","3","52","3","4","3","8"
"4","87","507","15","4","1","3546","13","20","16","104"
"2","76","497","20","4","0","5882","14","28","16","82"
"2","117","669","16","4","0","4948","12","32","14","102"
"2","70","753","20","4","1","5933","12","30","12","71"
"0","9","71","0","1","2","170","3","7","2","3"
"1","13","143","2","2","1","82","3","4","3","24"
"1","13","112","0","2","4","500","3","4","4","24"
"1","16","42","2","1","1","414","4","5","4","8"
"4","73","713","18","4","0","5495","12","28","17","95"
"0","2","44","0","1","4","290","4","3","2","6"
"1","6","79","1","1","1","292","4","4","4","19"
"2","94","705","12","3","0","5037","12","29","12","112"
"1","16","124","4","2","2","219","4","5","4","14"
"3","29","237","9","2","3","764","5","8","9","35"
"0","4","98","0","0","4","269","2","6","3","5"
"3","30","260","7","1","0","614","5","8","8","32"
"4","102","623","20","4","1","4157","18","32","17","92"
"1","24","104","2","2","1","215","3","6","3","15"
"3","34","356","9","3","2","792","3","9","9","29"
"4","92","587","16","3","0","5871","18","21","13","106"
"0","5","66","0","0","3","50","3","21","3","4"
"0","3","88","0","2","4","100","4","3","2","8"
"1","20","69","4","1","3","273","3","4","3","8"
"2","115","723","18","4","0","3905","12","19","17","72"
"0","1","15","0","2","1","68","4","20","3","2"
"3","40","179","3","2","3","658","4","6","7","26"
"2","77","624","18","4","1","4243","13","26","17","106"
"4","119","512","13","3","0","3512","14","19","13","88"
"3","20","214","9","2","3","678","7","9","7","21"
"3","25","326","9","1","1","703","7","6","6","38"
"4","119","740","14","3","1","5553","16","23","14","88"
"2","98","813","13","4","1","4924","14","30","15","110"
"3","26","229","10","3","1","663","5","6","7","35"
"0","7","79","0","0","3","219","3","3","2","5"
"2","90","815","17","3","1","3703","13","21","18","92"
"2","96","744","12","3","1","5461","15","34","18","90"
"0","3","94","0","0","4","256","3","15","4","4"
"4","80","658","15","4","0","3768","13","26","16","83"
"3","29","239","3","1","1","795","7","9","3","25"
"4","80","580","12","3","1","4213","13","28","17","85"
"0","4","16","0","1","4","184","4","25","4","1"
"2","89","615","20","3","1","4030","14","25","18","99"
"0","3","69","0","2","0","225","4","12","3","5"
"0","5","15","0","0","1","158","4","21","2","7"
"2","119","506","18","4","0","5120","12","32","17","105"
"3","38","267","10","3","0","761","3","9","5","40"
"2","70","802","12","3","0","5082","17","18","14","82"
"3","36","177","9","2","2","610","8","6","7","33"
"1","22","128","5","1","1","50","4","2","3","9"
"2","77","592","16","3","0","3951","17","30","13","114"
"3","29","266","5","3","2","714","3","8","9","35"
"1","7","111","3","2","4","103","3","2","3","18"
"4","90","692","16","3","0","5335","12","26","16","76"
"2","72","625","17","3","1","5707","13","21","13","92"
"0","10","87","0","2","3","105","2","20","3","6"
"4","103","625","20","3","0","4407","13","22","18","73"
"2","99","683","19","4","0","5262","14","21","14","117"
"2","120","783","19","3","1","4062","14","20","15","90"
"1","10","100","4","2","2","198","4","5","4","23"
"3","38","247","7","3","3","692","6","7","3","35"
"1","23","131","2","2","2","205","4","6","4","13"
"4","79","829","18","3","1","3589","15","22","17","108"
"4","108","658","13","3","1","5371","13","22","15","72"
"1","5","103","0","2","3","210","4","5","4","25"
"2","84","661","16","4","0","4825","16","29","12","73"
"0","2","100","0","1","3","228","2","23","2","5"
"1","17","148","2","2","2","219","3","2","4","15"
"1","24","149","5","1","0","415","4","4","4","21"
"3","21","315","9","3","1","726","7","9","3","34"
"3","24","214","5","3","2","701","4","8","5","28"
"2","96","603","19","4","1","4704","16","29","13","98"
"4","113","528","14","4","0","3564","12","20","12","114"
"1","17","108","5","1","1","365","4","3","4","9"
"0","5","35","0","1","1","197","4","9","4","10"
"2","112","755","14","3","0","4971","15","23","13","99"
"3","37","371","7","1","3","766","4","8","8","28"
"0","4","38","0","0","2","207","2","10","2","8"
"0","10","54","0","2","3","226","2","17","2","4"
"0","10","99","0","2","2","118","3","24","4","8"
"1","25","83","3","1","2","243","4","3","3","19"
"2","86","803","18","4","1","4592","13","18","13","111"
"2","76","649","19","3","1","5525","12","26","17","81"
"0","6","64","0","2","0","71","2","21","2","5"
"3","35","179","9","3","2","794","6","8","9","37"
"0","5","11","0","1","4","105","2","18","4","5"
"4","80","663","15","4","1","4908","15","34","18","86"
"4","96","708","16","3","0","4030","15","23","13","93"
"0","7","75","0","1","0","63","3","18","4","7"
"3","32","215","6","2","1","736","8","6","4","23"
"2","109","541","19","4","0","4401","15","22","13","89"
"0","5","12","0","1","4","202","4","12","2","2"
"3","34","265","8","1","0","790","4","7","6","21"
"4","120","510","12","4","0","5360","16","31","18","108"
"4","85","770","13","4","0","5562","16","26","14","101"
"0","5","68","0","0","0","266","4","10","4","5"
"4","92","741","12","3","0","3812","16","29","12","120"
"2","93","529","20","4","1","5476","12","30","18","117"
"1","22","91","5","1","0","62","3","4","3","16"
"0","3","7","0","2","1","129","2","23","3","5"
"2","85","648","13","4","1","4528","18","31","15","96"
"2","104","542","17","4","0","4601","14","26","13","107"
"3","24","342","6","2","3","737","8","8","8","29"
"1","24","62","5","1","3","230","4","2","4","12"
"0","1","34","0","2","0","229","3","14","4","9"
"0","6","76","0","1","3","178","2","5","2","4"
"4","75","505","12","3","0","4468","17","22","15","76"
"4","107","504","16","4","1","3930","15","22","17","118"
"4","97","703","20","4","1","4822","18","18","18","102"
"1","5","86","0","2","4","337","4","6","3","17"
"3","29","242","9","1","1","772","8","7","7","39"
"4","110","546","18","4","0","4069","13","30","17","120"
"3","27","220","7","3","0","633","8","9","6","35"
"4","81","547","18","3","1","3949","18","28","17","117"
"1","6","44","1","1","3","371","4","5","3","12"
"3","34","169","9","2","2","797","9","9","8","23"
"3","21","181","7","1","0","759","7","7","8","40"
"3","34","395","3","2","1","604","5","10","6","34"
"4","78","633","13","4","0","5255","16","34","12","112"
"3","22","358","7","3","2","743","8","9","6","27"
"4","105","823","17","3","0","4648","18","26","17","106"
"2","96","532","15","3","1","5740","18","34","12","87"
"2","92","788","16","4","1","3596","16","26","17","73"
"4","84","580","13","4","0","3775","14","20","17","113"
"0","9","47","0","1","4","115","2","6","3","8"
"3","26","221","9","3","1","602","9","9","7","31"
"2","80","580","14","3","0","3739","12","30","14","113"
"2","88","813","14","4","1","4932","17","24","17","75"
"3","33","165","4","2","1","797","3","7","6","40"
"0","4","27","0","0","0","213","4","7","4","3"
"1","21","106","1","2","2","355","4","3","4","24"
"4","107","742","12","4","0","4728","15","28","14","86"
"1","16","78","5","1","4","320","4","2","3","12"
"0","4","34","0","0","4","264","4","7","4","4"
"0","1","45","0","1","4","141","2","16","2","2"
"2","120","731","19","4","1","5046","12","22","16","70"
"1","12","120","1","2","3","347","3","2","4","17"
"1","15","150","1","2","2","139","4","2","3","21"
"1","6","76","3","1","3","427","3","6","4","17"
"1","12","109","0","2","1","67","4","2","3","15"
"0","6","46","0","0","0","70","3","11","4","9"
"0","7","82","0","0","3","158","3","12","2","10"
"4","70","737","13","4","1","4996","15","30","17","79"
"0","4","42","0","2","2","155","3","6","2","1"
"4","84","793","18","3","1","4160","15","34","16","118"
"0","2","95","0","2","0","241","3","20","4","5"
"1","24","102","3","2","3","204","4","5","4","11"
"4","85","582","17","4","1","4247","14","25","17","107"
"1","13","95","2","1","2","369","3","5","4","9"
"3","30","337","10","3","3","646","5","7","7","37"
"4","86","796","20","4","0","4814","13","25","14","86"
"0","3","23","0","2","1","225","3","10","2","1"
"1","20","119","0","1","3","63","3","5","4","20"
"1","22","93","4","2","2","413","3","2","3","20"
"2","77","600","14","3","0","4354","14","20","12","97"
"2","92","794","17","4","1","5650","15","32","14","97"
"2","90","541","13","3","1","4385","12","29","12","96"
"2","75","534","13","4","0","5359","17","26","15","82"
"3","35","293","5","2","3","711","3","6","3","31"
"4","94","527","12","3","0","4978","13","18","12","70"
"4","118","621","20","4","1","4098","17","33","16","112"
"4","115","685","15","3","0","5702","12","33","14","82"
"3","38","344","5","2","1","695","9","8","3","39"
"0","8","55","0","1","1","208","3","20","4","10"
"3","31","187","3","1","3","731","5","7","5","37"
"2","99","583","13","3","0","4332","12","19","14","70"
"2","98","548","18","4","1","5145","18","30","15","95"
"3","35","327","9","1","3","628","5","8","6","26"
"4","89","537","15","3","0","5301","16","28","15","78"
"0","4","44","0","2","4","297","4","7","2","8"
"2","98","578","17","3","1","4301","14","29","15","82"
"2","95","624","15","4","0","4664","12","31","16","105"
"2","100","547","18","3","1","5329","16","28","13","84"
"1","19","124","3","2","4","218","4","2","4","19"
"0","10","84","0","1","3","86","3","11","4","3"
"2","110","513","17","3","0","3615","17","27","18","111"
"0","2","11","0","0","2","181","2","23","4","10"
"1","12","77","2","1","1","191","3","4","3","5"
"1","9","35","4","1","2","140","4","3","3","16"
"1","15","67","0","1","0","443","3","3","4","10"
"0","1","47","0","1","4","118","3","6","4","1"
"2","92","602","16","3","0","4872","18","31","14","87"
"2","76","547","13","4","0","4650","18","23","14","113"
"3","20","305","8","3","3","683","8","10","8","24"
"3","25","374","5","3","0","753","6","7","4","32"
"3","38","225","7","1","3","616","4","10","6","33"
"3","40","229","3","1","3","701","7","10","6","36"
"1","13","44","3","1","0","252","3","4","3","11"
"2","74","642","18","4","0","5691","14","27","17","106"
"4","95","789","12","3","0","4088","16","24","17","88"
"1","23","101","1","2","2","257","4","3","3","24"
"4","104","510","17","4","1","5998","14","21","14","74"
"2","116","654","19","4","1","3998","13","18","15","91"
"4","85","636","18","3","1","4988","14","26","15","111"
"3","31","364","6","2","3","744","3","6","3","26"
"4","89","693","16","3","1","5526","15","29","13","99"
"3","33","385","6","3","1","622","6","6","8","39"
"3","28","179","3","2","3","613","3","8","3","22"
"3","27","341","8","1","0","797","4","8","3","32"
"1","17","45","2","2","2","407","3","4","3","15"
"4","85","780","13","3","0","4660","17","23","17","78"
"1","25","135","1","2","3","406","3","2","4","23"
"4","99","772","19","4","0","3755","13","32","16","102"
"4","114","627","14","3","1","4287","17","18","14","107"
"1","11","93","2","1","0","446","3","2","4","8"
"3","20","242","10","2","0","751","9","10","7","22"
"4","93","736","14","3","1","5880","13","34","18","80"
"1","11","135","1","2","0","226","4","2","4","15"
"1","24","103","3","2","3","245","4","4","3","20"
"1","10","40","5","2","3","405","3","4","4","8"
"3","21","202","6","2","1","600","9","6","9","39"
"0","10","66","0","2","2","136","3","5","4","2"
"2","119","583","19","3","0","4267","18","24","15","88"
"1","7","39","2","2","1","453","4","4","3","23"
"4","79","578","17","3","0","3867","12","23","17","118"
"1","5","74","2","2","1","132","4","5","4","21"
"4","82","673","17","3","0","5067","15","18","16","70"
"2","85","604","12","4","1","4117","18","18","15","102"
"2","84","837","13","4","0","5087","15","18","12","93"
"1","10","135","2","2","1","458","4","6","4","15"
"1","17","72","5","1","0","206","4","5","3","20"
"3","32","277","5","1","3","682","7","9","6","38"
"0","2","9","0","2","3","194","4","11","2","6"
"1","15","82","3","2","3","277","3","2","4","7"
"3","24","320","9","1","3","713","4","9","6","20"
"1","25","67","3","2","3","409","3","2","3","21"
"2","104","496","13","3","1","5347","15","18","17","92"
"4","79","707","13","3","0","5020","13","33","12","88"
"0","8","84","0","1","0","73","4","22","4","1"
"0","1","45","0","1","4","90","4","19","4","6"
"3","26","301","10","1","1","620","5","8","4","22"
"4","97","717","12","4","0","4672","18","28","16","70"
"1","13","134","2","2","0","281","4","3","3","10"
"1","14","149","2","1","1","422","4","2","4","18"
"1","12","63","2","2","2","254","4","3","4","8"
"1","8","58","5","1","3","244","3","4","3","15"
"4","72","822","14","3","1","3682","13","24","18","97"
"1","14","122","3","2","1","54","3","6","3","10"
"0","1","82","0","1","1","163","3","13","4","4"
"3","31","391","4","1","2","721","4","7","5","37"
"1","13","104","4","1","0","169","3","5","3","24"
"0","8","99","0","1","1","233","3","13","2","6"
"2","82","601","12","4","1","5896","12","24","14","113"
"1","11","140","5","2","2","305","4","4","4","6"
"2","78","643","19","4","0","5950","17","28","18","76"
"4","72","699","20","4","0","5609","14","18","14","105"
"0","4","10","0","1","0","243","3","14","2","9"
"0","3","69","0","1","1","235","2","17","3","2"
"0","10","41","0","0","3","58","4","7","4","8"
"2","83","524","18","3","1","5090","17","19","18","104"
"4","113","581","19","4","1","5375","16","34","12","74"
"2","105","598","12","3","0","5176","12","23","13","89"
"3","24","247","5","2","2","723","5","8","6","33"
"3","26","358","10","2","3","653","9","9","4","33"
"3","20","202","5","2","0","740","3","8","8","23"
"4","105","735","17","4","1","5752","15","32","17","119"
"0","5","72","0","0","4","239","2","7","4","2"
"4","117","782","12","3","0","5861","18","34","15","86"
"2","118","532","13","4","1","3573","14","30","16","113"
"4","112","558","19","3","0","5670","13","29","14","73"
"4","90","767","18","3","0","5172","14","25","18","114"
"0","5","63","0","0","0","248","3","10","4","7"
"0","5","44","0","0","0","97","2","11","2","7"
"2","100","537","15","4","1","4813","15","27","14","74"
"3","36","320","5","1","2","681","7","10","7","36"
"4","120","828","15","4","1","5071","12","25","16","75"
"3","38","297","6","2","0","719","4","6","3","30"
"2","111","677","15","3","1","5453","15","27","18","71"
"3","33","345","6","3","0","612","5","6","9","22"
"4","106","821","12","3","1","5350","15","24","13","100"
"4","93","619","12","3","0","5774","17","26","12","74"
"1","7","65","0","2","3","128","3","3","3","20"
"1","24","112","1","2","1","455","4","4","4","16"
"0","8","10","0","1","0","105","4","11","2","5"
"4","83","523","19","3","0","4816","18","28","15","81"
"4","107","506","19","4","0","5122","12","32","12","106"
"1","9","89","1","1","4","427","3","4","3","9"
"4","108","679","15","3","0","3659","14","18","13","113"
"1","17","150","5","2","4","367","3","4","4","10"
"1","17","108","4","2","0","431","4","6","3","6"
"0","10","51","0","1","3","108","3","25","4","7"
"4","81","737","20","3","1","5773","17","26","15","76"
"1","8","138","3","1","3","330","3","3","3","23"
"0","5","61","0","2","4","147","4","17","4","1"
"0","3","89","0","0","3","110","3","3","2","7"
"4","93","610","12","3","0","4086","15","23","13","99"
"3","26","330","9","2","1","689","7","8","5","40"
"3","34","243","8","3","3","685","5","8","5","37"
"0","3","47","0","1","4","109","2","20","2","6"
"0","6","11","0","2","1","155","2","22","2","2"
"1","14","106","1","1","4","439","3","2","3","10"
"4","120","628","20","3","1","4253","12","20","14","84"
"3","24","205","9","3","2","767","6","10","9","31"
"4","94","785","20","4","0","4567","13","31","12","111"
"4","70","639","16","3","0","5325","14","34","17","85"
"0","6","38","0","0","3","200","4","14","2","8"
"2","114","524","17","3","0","4828","15","32","17","96"
"3","30","221","8","3","1","646","7","10","7","25"
"0","6","40","0","0","0","225","4","12","3","10"
"1","22","105","5","2","4","462","3","4","4","19"
"3","30","356","8","3","1","668","6","10","9","35"
"2","102","746","13","4","0","5956","12","30","15","90"
"1","23","133","3","2","4","321","3","6","4","18"
"2","100","680","17","4","1","5063","15","34","16","102"
"0","4","86","0","1","3","169","3","12","2","8"
"1","24","116","2","2","0","64","3","3","3","7"
"2","105","638","17","3","1","5642","12","31","17","118"
"3","33","398","8","2","3","617","8","10","9","25"
"3","33","360","8","1","2","762","7","8","9","35"
"3","35","174","3","2","1","779","6","9","4","37"
"1","24","57","0","1","0","129","3","3","4","14"
"3","24","340","6","1","3","764","5","10","4","34"
"3","36","366","5","2","3","684","4","6","3","32"
"1","21","144","0","1","0","225","4","4","3","20"
"3","33","234","9","2","3","625","6","6","5","33"
"1","5","82","0","1","2","202","3","6","3","10"
"0","3","84","0","1","3","55","2","25","2","2"
"0","5","49","0","2","0","190","4","3","2","4"
"2","77","546","14","4","1","4713","12","34","13","77"
"2","85","604","19","3","1","5489","14","30","16","114"
"4","109","817","17","4","1","4660","18","20","13","117"
"2","84","578","18","4","0","4510","14","32","16","112"
"0","10","59","0","2","0","220","3","10","4","9"
"2","92","614","12","4","1","4793","15","29","18","80"
"0","10","17","0","0","2","268","4","3","2","1"
"2","97","566","15","3","0","4464","12","19","17","104"
"3","24","268","6","1","3","645","4","6","3","27"
"0","1","18","0","1","4","259","4","11","3","9"
"4","104","833","16","4","1","5503","13","21","17","76"
"2","106","827","13","3","1","5266","14","18","12","101"
"2","85","502","13","4","1","5797","18","28","18","80"
"4","81","680","20","4","1","4405","12","28","16","92"
"1","13","104","3","1","2","386","3","4","4","5"
"1","24","82","4","1","3","362","4","6","4","25"
"0","3","94","0","1","0","180","4","24","2","5"
"2","103","766","14","4","1","4385","14","31","16","100"
"2","88","723","15","4","0","5199","13","27","13","82"
"4","71","782","15","3","1","4528","17","29","18","75"
"1","8","45","4","1","4","209","3","2","4","9"
"1","12","85","5","1","2","153","3","3","3","7"
"4","118","827","16","4","0","4110","13","27","12","87"
"1","7","136","2","2","0","300","3","5","3","18"
"1","13","132","2","2","2","292","3","4","3","14"
"4","103","642","19","4","0","5448","16","21","16","75"
"2","105","788","20","3","0","3743","16","34","13","90"
"0","2","67","0","2","0","112","4","11","2","8"
"1","13","110","2","2","0","257","4","2","3","18"
"1","11","49","5","2","3","184","4","2","3","18"
"2","104","834","20","3","1","4239","12","25","13","70"
"2","80","802","20","4","1","5756","15","29","18","116"
"0","3","97","0","2","3","106","3","22","2","3"
"3","27","327","8","2","0","631","5","7","9","20"
"4","106","614","12","4","0","3548","13","33","12","82"
"4","91","659","13","4","1","3653","15","32","12","96"
"3","28","162","5","3","0","723","6","7","4","22"
"4","109","770","13","3","1","5938","18","32","13","116"
"2","106","806","15","4","0","4851","15","27","16","87"
"2","81","504","19","3","1","5146","13","28","14","91"
"0","9","30","0","2","2","260","3","11","3","10"
"1","25","64","0","1","4","480","4","4","3","10"
"0","5","22","0","2","0","93","4","15","2","7"
"3","40","189","10","2","1","784","9","7","6","33"
"2","82","796","18","4","0","4719","12","25","17","103"
"4","81","525","16","4","1","5376","14","20","14","70"
"4","117","553","13","3","1","3651","16","31","13","73"
"1","24","95","3","1","3","393","4","4","4","21"
"0","2","93","0","2","4","274","4","18","4","3"
"4","110","769","15","4","1","5540","13","29","14","89"
"4","85","613","19","4","1","5106","14","22","15","120"
"0","10","80","0","1","3","100","3","9","2","6"
"1","22","113","5","2","4","479","4","2","3","19"
"1","9","112","2","2","2","362","4","4","4","15"
"1","25","143","4","2","2","389","3","4","4","18"
"1","6","125","0","2","3","198","4","2","4","21"
"3","37","295","3","1","2","795","7","9","6","31"
"4","81","815","19","4","1","5178","14","33","14","83"
"1","16","94","4","2","3","300","3","6","4","25"
"4","115","723","19","4","0","4273","12","23","16","102"
"0","4","67","0","0","1","110","3","4","3","4"
"4","79","784","14","4","0","3644","14","26","18","75"
"0","6","6","0","0","0","115","3","16","2","7"
"4","102","597","17","4","1","5585","15","27","16","106"
"3","20","325","7","1","3","743","8","8","5","31"
"4","114","521","17","3","1","3712","18","26","14","109"
"1","21","110","2","1","0","481","3","2","4","8"
"1","24","54","4","1","3","225","4","5","4","18"
"4","120","801","14","4","1","3551","16","20","14","88"
"1","5","61","1","1","1","118","4","3","3","19"
"3","36","366","6","3","0","764","8","8","5","34"
"2","98","814","13","4","1","5556","13","19","16","81"
"4","90","733","17","3","1","4961","17","18","14","95"
"0","3","59","0","0","1","189","4","8","2","7"
"0","6","10","0","0","4","100","3","17","3","9"
"3","22","258","4","3","0","670","7","6","3","22"
"1","24","68","5","1","2","361","4","2","4","24"
"1","19","66","5","1","2","338","3","6","4","11"
"4","95","589","15","3","1","4386","13","26","14","80"
"1","20","123","1","1","3","132","3","6","3","11"
"3","24","360","3","2","1","652","9","10","5","40"
"4","105","531","13","4","0","5643","13","18","15","100"
"1","17","88","2","2","1","124","4","3","3","20"
